FID_,X,Y,ID,trueMining,NDVI,SAVI,EVI,year,sensor
,-82.562285099999997,37.782091180000002,1,0,0.800604000000000,0.000000000000000,0.000000000000000,2009,7
,-82.576642879999994,37.661726909999999,2,0,0.771068700000000,0.000000000000000,0.000000000000000,2009,7
,-82.650143380000003,37.747606750000003,3,0,0.676472900000000,0.000000000000000,0.000000000000000,2009,7
,-82.603124980000004,37.774356539999999,4,0,0.735920130000000,0.000000000000000,0.000000000000000,2009,7
,-82.593943100000004,37.738763870000000,5,0,0.521794860000000,0.000000000000000,0.000000000000000,2009,7
,-82.562290869999998,37.664805919999999,6,0,0.805564100000000,0.000000000000000,0.000000000000000,2009,7
,-82.504985140000002,37.807191869999997,7,0,0.651910500000000,0.000000000000000,0.000000000000000,2009,7
,-82.479077810000007,37.739944909999998,8,0,0.618060050000000,0.000000000000000,0.000000000000000,2009,7
,-82.504811029999999,37.787799579999998,9,0,0.713054000000000,0.000000000000000,0.000000000000000,2009,7
,-82.507601019999996,37.697124260000002,10,0,0.794515200000000,0.000000000000000,0.000000000000000,2009,7
,-82.604323789999995,37.702061329999999,11,1,0.696973740000000,0.000000000000000,0.000000000000000,2009,7
,-82.618461929999995,37.751667380000001,12,1,0.678454800000000,0.000000000000000,0.000000000000000,2009,7
,-82.584495829999994,37.675386269999997,13,0,0.707603900000000,0.000000000000000,0.000000000000000,2009,7
,-82.582702110000000,37.707548099999997,14,0,0.781714300000000,0.000000000000000,0.000000000000000,2009,7
,-82.591582500000001,37.749117329999997,15,0,0.800031660000000,0.000000000000000,0.000000000000000,2009,7
,-82.520409580000006,37.787720989999997,16,0,0.594252100000000,0.000000000000000,0.000000000000000,2009,7
,-82.502157749999995,37.697247560000001,17,0,0.796743500000000,0.000000000000000,0.000000000000000,2009,7
,-82.646650760000000,37.733707289999998,18,0,0.620403100000000,0.000000000000000,0.000000000000000,2009,7
,-82.464019879999995,37.739977039999999,19,0,0.774513000000000,0.000000000000000,0.000000000000000,2009,7
,-82.544727190000003,37.767452820000003,20,0,0.784746300000000,0.000000000000000,0.000000000000000,2009,7
,-82.540926630000001,37.816214709999997,21,0,0.798557940000000,0.000000000000000,0.000000000000000,2009,7
,-82.615302020000001,37.796458819999998,22,1,0.211340260000000,0.000000000000000,0.000000000000000,2009,7
,-82.630176919999997,37.719734860000003,23,0,0.786597850000000,0.000000000000000,0.000000000000000,2009,7
,-82.622322449999999,37.726218770000003,24,0,0.816131350000000,0.000000000000000,0.000000000000000,2009,7
,-82.591759300000007,37.755764419999998,25,0,0.738657900000000,0.000000000000000,0.000000000000000,2009,7
,-82.512312910000006,37.774728230000001,26,0,0.820936600000000,0.000000000000000,0.000000000000000,2009,7
,-82.520538310000006,37.708016829999998,27,0,0.763818000000000,0.000000000000000,0.000000000000000,2009,7
,-82.505535629999997,37.719315979999998,28,0,0.811985000000000,0.000000000000000,0.000000000000000,2009,7
,-82.529345930000005,37.811837490000002,29,0,0.700962100000000,0.000000000000000,0.000000000000000,2009,7
,-82.565615589999993,37.675111010000002,30,0,0.813657500000000,0.000000000000000,0.000000000000000,2009,7
,-82.507986779999996,37.696214390000002,31,0,0.802015540000000,0.000000000000000,0.000000000000000,2009,7
,-82.483736030000003,37.762647710000003,32,1,0.314018520000000,0.000000000000000,0.000000000000000,2009,7
,-82.558236399999998,37.814966900000002,33,0,0.720105700000000,0.000000000000000,0.000000000000000,2009,7
,-82.584727400000006,37.723211810000002,34,0,0.786424160000000,0.000000000000000,0.000000000000000,2009,7
,-82.584466969999994,37.711365010000002,35,1,0.667541440000000,0.000000000000000,0.000000000000000,2009,7
,-82.579784950000004,37.745066240000000,36,0,0.724878800000000,0.000000000000000,0.000000000000000,2009,7
,-82.471272560000003,37.715303419999998,37,1,0.645635300000000,0.000000000000000,0.000000000000000,2009,7
,-82.584876399999999,37.708611329999997,38,0,0.808460950000000,0.000000000000000,0.000000000000000,2009,7
,-82.538525419999999,37.750403259999999,39,0,0.805393640000000,0.000000000000000,0.000000000000000,2009,7
,-82.505197719999998,37.694347250000000,40,0,0.798954550000000,0.000000000000000,0.000000000000000,2009,7
,-82.482898950000006,37.793213289999997,41,0,0.760489500000000,0.000000000000000,0.000000000000000,2009,7
,-82.640315779999995,37.740741720000003,42,1,0.327140400000000,0.000000000000000,0.000000000000000,2009,7
,-82.534077470000000,37.687068859999997,43,0,0.780604300000000,0.000000000000000,0.000000000000000,2009,7
,-82.568284410000004,37.690607170000000,44,0,0.725543440000000,0.000000000000000,0.000000000000000,2009,7
,-82.564753589999995,37.798673170000001,45,0,0.809757770000000,0.000000000000000,0.000000000000000,2009,7
,-82.653940180000006,37.713611829999998,46,0,0.811699200000000,0.000000000000000,0.000000000000000,2009,7
,-82.516743959999999,37.798301440000003,47,0,0.759236160000000,0.000000000000000,0.000000000000000,2009,7
,-82.545267260000003,37.736095249999998,48,0,0.779676260000000,0.000000000000000,0.000000000000000,2009,7
,-82.495105030000005,37.707105810000002,49,0,0.587294340000000,0.000000000000000,0.000000000000000,2009,7
,-82.613231099999993,37.725748830000001,50,0,0.714039600000000,0.000000000000000,0.000000000000000,2009,7
,-82.628664549999996,37.787469580000000,51,0,0.628283440000000,0.000000000000000,0.000000000000000,2009,7
,-82.533423729999996,37.738690570000003,52,1,0.636873540000000,0.000000000000000,0.000000000000000,2009,7
,-82.623430749999997,37.757313000000003,53,0,0.826445340000000,0.000000000000000,0.000000000000000,2009,7
,-82.651342630000002,37.762816010000002,54,0,0.594064350000000,0.000000000000000,0.000000000000000,2009,7
,-82.550374570000002,37.729188540000003,55,0,0.663454830000000,0.000000000000000,0.000000000000000,2009,7
,-82.551813629999998,37.681307560000000,56,0,0.827239160000000,0.000000000000000,0.000000000000000,2009,7
,-82.570877569999993,37.692570680000003,57,0,0.810174000000000,0.000000000000000,0.000000000000000,2009,7
,-82.599030740000003,37.776930479999997,58,0,0.558875000000000,0.000000000000000,0.000000000000000,2009,7
,-82.556701779999997,37.762492889999997,59,0,0.634319600000000,0.000000000000000,0.000000000000000,2009,7
,-82.538522990000004,37.786025850000001,60,0,0.580626550000000,0.000000000000000,0.000000000000000,2009,7
,-82.637392739999996,37.764724790000002,61,1,0.444795300000000,0.000000000000000,0.000000000000000,2009,7
,-82.589651040000007,37.802096040000002,62,0,0.824397860000000,0.000000000000000,0.000000000000000,2009,7
,-82.626834340000002,37.772995680000001,63,0,0.820691000000000,0.000000000000000,0.000000000000000,2009,7
,-82.546087740000004,37.675074420000001,64,0,0.816569900000000,0.000000000000000,0.000000000000000,2009,7
,-82.493386869999995,37.743846259999998,65,0,0.835491960000000,0.000000000000000,0.000000000000000,2009,7
,-82.533310169999993,37.696910449999997,66,0,0.742174900000000,0.000000000000000,0.000000000000000,2009,7
,-82.617018340000001,37.779581929999999,67,0,0.717192000000000,0.000000000000000,0.000000000000000,2009,7
,-82.537675039999996,37.755120230000003,68,0,0.803805900000000,0.000000000000000,0.000000000000000,2009,7
,-82.609562980000007,37.672066819999998,69,1,0.248501090000000,0.000000000000000,0.000000000000000,2009,7
,-82.525072420000001,37.799757169999999,70,0,0.728192600000000,0.000000000000000,0.000000000000000,2009,7
,-82.521980450000001,37.803792450000003,71,0,0.818474900000000,0.000000000000000,0.000000000000000,2009,7
,-82.518875469999998,37.725868319999996,72,0,0.787832600000000,0.000000000000000,0.000000000000000,2009,7
,-82.571824019999994,37.736009789999997,73,0,0.732215400000000,0.000000000000000,0.000000000000000,2009,7
,-82.505984190000007,37.786541120000003,74,0,0.812884800000000,0.000000000000000,0.000000000000000,2009,7
,-82.507604749999999,37.679852490000002,75,0,0.803822900000000,0.000000000000000,0.000000000000000,2009,7
,-82.485224630000005,37.711726059999997,76,0,0.782133400000000,0.000000000000000,0.000000000000000,2009,7
,-82.638489809999996,37.742992030000003,77,1,0.181157630000000,0.000000000000000,0.000000000000000,2009,7
,-82.522804919999999,37.786299430000000,78,0,0.815722200000000,0.000000000000000,0.000000000000000,2009,7
,-82.584131319999997,37.663142329999999,79,0,0.821726200000000,0.000000000000000,0.000000000000000,2009,7
,-82.465644269999999,37.728612099999999,80,0,0.687769900000000,0.000000000000000,0.000000000000000,2009,7
,-82.562591019999999,37.810664520000003,81,0,0.793289700000000,0.000000000000000,0.000000000000000,2009,7
,-82.597157519999996,37.671413059999999,82,0,0.814677360000000,0.000000000000000,0.000000000000000,2009,7
,-82.567108860000005,37.816446100000000,83,0,0.668907900000000,0.000000000000000,0.000000000000000,2009,7
,-82.560852720000000,37.789031479999998,84,0,0.706588300000000,0.000000000000000,0.000000000000000,2009,7
,-82.612019660000001,37.769892609999999,85,1,0.464273420000000,0.000000000000000,0.000000000000000,2009,7
,-82.613208330000006,37.688855519999997,86,0,0.810654640000000,0.000000000000000,0.000000000000000,2009,7
,-82.580145560000005,37.738920589999999,87,0,0.820359650000000,0.000000000000000,0.000000000000000,2009,7
,-82.568780329999996,37.739257500000001,88,0,0.787248700000000,0.000000000000000,0.000000000000000,2009,7
,-82.580730099999997,37.747380040000003,89,0,0.790784960000000,0.000000000000000,0.000000000000000,2009,7
,-82.511391209999999,37.698049150000003,90,0,0.823072100000000,0.000000000000000,0.000000000000000,2009,7
,-82.593154040000002,37.725471480000003,91,0,0.756750400000000,0.000000000000000,0.000000000000000,2009,7
,-82.575200910000007,37.710668380000001,92,0,0.797020850000000,0.000000000000000,0.000000000000000,2009,7
,-82.558580669999998,37.782505319999999,93,0,0.774085460000000,0.000000000000000,0.000000000000000,2009,7
,-82.596355380000006,37.772224580000000,94,0,0.800340240000000,0.000000000000000,0.000000000000000,2009,7
,-82.512890139999996,37.694870530000003,95,0,0.793838500000000,0.000000000000000,0.000000000000000,2009,7
,-82.647480220000006,37.737958880000001,96,0,0.679743050000000,0.000000000000000,0.000000000000000,2009,7
,-82.523746740000007,37.676291700000000,97,0,0.772622640000000,0.000000000000000,0.000000000000000,2009,7
,-82.560638069999996,37.793085329999997,98,0,0.713172300000000,0.000000000000000,0.000000000000000,2009,7
,-82.644384849999994,37.728630080000002,99,0,0.805393640000000,0.000000000000000,0.000000000000000,2009,7
,-82.480188979999994,37.777316679999998,100,0,0.815722200000000,0.000000000000000,0.000000000000000,2009,7
,-82.476581269999997,37.716600460000002,101,0,0.772724330000000,0.000000000000000,0.000000000000000,2009,7
,-82.497144640000002,37.766372850000003,102,0,0.798763800000000,0.000000000000000,0.000000000000000,2009,7
,-82.493287429999995,37.720624639999997,103,1,0.521398250000000,0.000000000000000,0.000000000000000,2009,7
,-82.585650290000004,37.803140610000000,104,0,0.704820800000000,0.000000000000000,0.000000000000000,2009,7
,-82.545250170000003,37.704592910000002,105,1,0.562762200000000,0.000000000000000,0.000000000000000,2009,7
,-82.610829409999994,37.708970559999997,106,0,0.690145600000000,0.000000000000000,0.000000000000000,2009,7
,-82.612640060000004,37.751072110000003,107,0,0.809757770000000,0.000000000000000,0.000000000000000,2009,7
,-82.483474439999995,37.716216840000001,108,0,0.808987700000000,0.000000000000000,0.000000000000000,2009,7
,-82.589664360000000,37.752969890000003,109,0,0.802161460000000,0.000000000000000,0.000000000000000,2009,7
,-82.518402260000002,37.709218059999998,110,0,0.711644700000000,0.000000000000000,0.000000000000000,2009,7
,-82.640419519999995,37.762146749999999,111,0,0.768977940000000,0.000000000000000,0.000000000000000,2009,7
,-82.614827649999995,37.762173879999999,112,0,0.648537000000000,0.000000000000000,0.000000000000000,2009,7
,-82.597232890000001,37.727239160000003,113,0,0.828258450000000,0.000000000000000,0.000000000000000,2009,7
,-82.531475819999997,37.684134139999998,114,0,0.729266500000000,0.000000000000000,0.000000000000000,2009,7
,-82.504538710000006,37.802330110000000,115,0,0.826990600000000,0.000000000000000,0.000000000000000,2009,7
,-82.587620810000004,37.712641009999999,116,0,0.738126340000000,0.000000000000000,0.000000000000000,2009,7
,-82.563132539999998,37.814842870000000,117,0,0.743500300000000,0.000000000000000,0.000000000000000,2009,7
,-82.552232640000000,37.750619409999999,118,0,0.680353000000000,0.000000000000000,0.000000000000000,2009,7
,-82.572042400000001,37.666398420000000,119,0,0.742564100000000,0.000000000000000,0.000000000000000,2009,7
,-82.518460570000002,37.792906160000001,120,0,0.834100960000000,0.000000000000000,0.000000000000000,2009,7
,-82.493655509999996,37.766858980000002,121,0,0.818972000000000,0.000000000000000,0.000000000000000,2009,7
,-82.603378359999994,37.782660100000001,122,0,0.817108900000000,0.000000000000000,0.000000000000000,2009,7
,-82.632414440000005,37.732019950000002,123,1,0.347898840000000,0.000000000000000,0.000000000000000,2009,7
,-82.536406249999999,37.725283650000002,124,0,0.781544300000000,0.000000000000000,0.000000000000000,2009,7
,-82.592189649999995,37.778431980000001,125,0,0.476791900000000,0.000000000000000,0.000000000000000,2009,7
,-82.582392049999996,37.781307159999997,126,0,0.756569700000000,0.000000000000000,0.000000000000000,2009,7
,-82.522880470000004,37.664794590000000,127,0,0.801843940000000,0.000000000000000,0.000000000000000,2009,7
,-82.541008270000006,37.678947510000000,128,0,0.829507900000000,0.000000000000000,0.000000000000000,2009,7
,-82.598220749999996,37.725190169999998,129,0,0.756750400000000,0.000000000000000,0.000000000000000,2009,7
,-82.551334330000003,37.787176719999998,130,0,0.746617140000000,0.000000000000000,0.000000000000000,2009,7
,-82.465680070000005,37.744184949999998,131,0,0.769786800000000,0.000000000000000,0.000000000000000,2009,7
,-82.605381870000002,37.761263829999997,132,1,0.687769900000000,0.000000000000000,0.000000000000000,2009,7
,-82.488544200000007,37.712781139999997,133,0,0.805630300000000,0.000000000000000,0.000000000000000,2009,7
,-82.574502289999998,37.762203139999997,134,0,0.800485800000000,0.000000000000000,0.000000000000000,2009,7
,-82.473874289999998,37.702173639999998,135,0,0.846513400000000,0.000000000000000,0.000000000000000,2009,7
,-82.539720950000003,37.679897140000001,136,0,0.831269800000000,0.000000000000000,0.000000000000000,2009,7
,-82.501658280000001,37.681933520000001,137,0,0.806838200000000,0.000000000000000,0.000000000000000,2009,7
,-82.607344800000007,37.711776380000003,138,0,0.713172300000000,0.000000000000000,0.000000000000000,2009,7
,-82.608997790000004,37.757249710000004,139,1,0.218209250000000,0.000000000000000,0.000000000000000,2009,7
,-82.547177959999999,37.728906270000003,140,0,0.803822900000000,0.000000000000000,0.000000000000000,2009,7
,-82.519180739999996,37.741062620000001,141,0,0.674952900000000,0.000000000000000,0.000000000000000,2009,7
,-82.650932690000005,37.738194960000001,142,1,0.429958550000000,0.000000000000000,0.000000000000000,2009,7
,-82.585902610000005,37.720058240000000,143,0,0.771512400000000,0.000000000000000,0.000000000000000,2009,7
,-82.577787450000002,37.810605770000002,144,0,0.811699200000000,0.000000000000000,0.000000000000000,2009,7
,-82.507743160000004,37.737106390000001,145,0,0.469937150000000,0.000000000000000,0.000000000000000,2009,7
,-82.521376489999994,37.702140620000002,146,0,0.771266100000000,0.000000000000000,0.000000000000000,2009,7
,-82.544103690000000,37.729349139999997,147,0,0.779805000000000,0.000000000000000,0.000000000000000,2009,7
,-82.590507919999993,37.715980649999999,148,0,0.796743500000000,0.000000000000000,0.000000000000000,2009,7
,-82.511168089999998,37.728276459999996,149,0,0.759236160000000,0.000000000000000,0.000000000000000,2009,7
,-82.550467740000002,37.785855820000002,150,0,0.741532150000000,0.000000000000000,0.000000000000000,2009,7
,-82.521697970000005,37.734024110000000,151,0,0.659031570000000,0.000000000000000,0.000000000000000,2009,7
,-82.569073209999999,37.757207049999998,152,0,0.800340240000000,0.000000000000000,0.000000000000000,2009,7
,-82.614579419999998,37.789916409999996,153,0,0.787852500000000,0.000000000000000,0.000000000000000,2009,7
,-82.556262640000000,37.667663030000000,154,0,0.808460950000000,0.000000000000000,0.000000000000000,2009,7
,-82.602279530000004,37.706294030000002,155,0,0.776091750000000,0.000000000000000,0.000000000000000,2009,7
,-82.542790699999998,37.799867329999998,156,0,0.813975160000000,0.000000000000000,0.000000000000000,2009,7
,-82.621786790000002,37.682699810000003,157,0,0.831269800000000,0.000000000000000,0.000000000000000,2009,7
,-82.626895370000000,37.687811330000002,158,0,0.823734000000000,0.000000000000000,0.000000000000000,2009,7
,-82.649559379999999,37.717012169999997,159,0,0.818474900000000,0.000000000000000,0.000000000000000,2009,7
,-82.592308189999997,37.752828680000000,160,0,0.821328040000000,0.000000000000000,0.000000000000000,2009,7
,-82.607238559999999,37.701212900000002,161,0,0.797945560000000,0.000000000000000,0.000000000000000,2009,7
,-82.618735650000005,37.749249910000003,162,1,0.515328100000000,0.000000000000000,0.000000000000000,2009,7
,-82.555880869999996,37.817524530000000,163,0,0.752632500000000,0.000000000000000,0.000000000000000,2009,7
,-82.502867910000006,37.783094570000003,164,0,0.773063600000000,0.000000000000000,0.000000000000000,2009,7
,-82.499742350000005,37.724051500000002,165,0,0.737288600000000,0.000000000000000,0.000000000000000,2009,7
,-82.619655499999993,37.711107730000002,166,0,0.708594000000000,0.000000000000000,0.000000000000000,2009,7
,-82.640242740000005,37.726089360000003,167,0,0.739853440000000,0.000000000000000,0.000000000000000,2009,7
,-82.601620150000002,37.673695729999999,168,0,0.612474500000000,0.000000000000000,0.000000000000000,2009,7
,-82.593865980000004,37.728797389999997,169,0,0.624506100000000,0.000000000000000,0.000000000000000,2009,7
,-82.467233890000003,37.724681390000001,170,0,0.639051600000000,0.000000000000000,0.000000000000000,2009,7
,-82.653516560000000,37.739120749999998,171,0,0.659173100000000,0.000000000000000,0.000000000000000,2009,7
,-82.619903730000004,37.704147659999997,172,0,0.770360050000000,0.000000000000000,0.000000000000000,2009,7
,-82.547530589999994,37.786762940000003,173,0,0.559211700000000,0.000000000000000,0.000000000000000,2009,7
,-82.513853519999998,37.719408569999999,174,0,0.773063600000000,0.000000000000000,0.000000000000000,2009,7
,-82.487988020000003,37.796398529999998,175,0,0.798954550000000,0.000000000000000,0.000000000000000,2009,7
,-82.622471669999996,37.800266729999997,176,0,0.762725800000000,0.000000000000000,0.000000000000000,2009,7
,-82.482232359999998,37.710631960000001,177,0,0.797277700000000,0.000000000000000,0.000000000000000,2009,7
,-82.551068169999994,37.679612169999999,178,0,0.797540800000000,0.000000000000000,0.000000000000000,2009,7
,-82.650882620000004,37.737712430000002,179,1,0.290582270000000,0.000000000000000,0.000000000000000,2009,7
,-82.472677959999999,37.759001099999999,180,0,0.796180800000000,0.000000000000000,0.000000000000000,2009,7
,-82.596787309999996,37.769162739999999,181,0,0.816569900000000,0.000000000000000,0.000000000000000,2009,7
,-82.489207480000005,37.728426550000002,182,0,0.796417060000000,0.000000000000000,0.000000000000000,2009,7
,-82.558161609999999,37.756130489999997,183,0,0.808987700000000,0.000000000000000,0.000000000000000,2009,7
,-82.559129859999999,37.681585380000001,184,0,0.795247440000000,0.000000000000000,0.000000000000000,2009,7
,-82.511004830000005,37.697506709999999,185,0,0.828258450000000,0.000000000000000,0.000000000000000,2009,7
,-82.606849819999994,37.697843779999999,186,0,0.829908300000000,0.000000000000000,0.000000000000000,2009,7
,-82.578553589999999,37.674664430000000,187,0,0.756160600000000,0.000000000000000,0.000000000000000,2009,7
,-82.489110400000001,37.775755500000002,188,0,0.698490200000000,0.000000000000000,0.000000000000000,2009,7
,-82.611479259999996,37.713726240000000,189,0,0.657155000000000,0.000000000000000,0.000000000000000,2009,7
,-82.496205410000002,37.728094890000001,190,0,0.797277700000000,0.000000000000000,0.000000000000000,2009,7
,-82.544564100000002,37.671575890000000,191,0,0.802161460000000,0.000000000000000,0.000000000000000,2009,7
,-82.516066580000000,37.698194180000002,192,0,0.813538600000000,0.000000000000000,0.000000000000000,2009,7
,-82.548093760000000,37.670558780000000,193,0,0.829074500000000,0.000000000000000,0.000000000000000,2009,7
,-82.575611249999994,37.733615360000002,194,0,0.810654640000000,0.000000000000000,0.000000000000000,2009,7
,-82.607495220000004,37.753058230000001,195,0,0.709176800000000,0.000000000000000,0.000000000000000,2009,7
,-82.549628839999997,37.772088340000003,196,0,0.721650060000000,0.000000000000000,0.000000000000000,2009,7
,-82.552458470000005,37.713828489999997,197,0,0.653253900000000,0.000000000000000,0.000000000000000,2009,7
,-82.497700330000001,37.750423689999998,198,0,0.764991700000000,0.000000000000000,0.000000000000000,2009,7
,-82.586030570000005,37.762386919999997,199,0,0.755960350000000,0.000000000000000,0.000000000000000,2009,7
,-82.531612730000006,37.687856160000003,200,0,0.798763800000000,0.000000000000000,0.000000000000000,2009,7
,-82.600946449999995,37.715858210000000,201,0,0.766971900000000,0.000000000000000,0.000000000000000,2009,7
,-82.537429079999995,37.723028859999999,202,0,0.628079500000000,0.000000000000000,0.000000000000000,2009,7
,-82.598822720000001,37.691013480000002,203,0,0.787157830000000,0.000000000000000,0.000000000000000,2009,7
,-82.592757430000006,37.767169209999999,204,0,0.802343500000000,0.000000000000000,0.000000000000000,2009,7
,-82.488282929999997,37.687978440000002,205,0,0.753333100000000,0.000000000000000,0.000000000000000,2009,7
,-82.525093720000001,37.665282329999997,206,0,0.732889950000000,0.000000000000000,0.000000000000000,2009,7
,-82.472999400000006,37.733990530000000,207,0,0.728348000000000,0.000000000000000,0.000000000000000,2009,7
,-82.587938559999998,37.707307860000000,208,0,0.798557940000000,0.000000000000000,0.000000000000000,2009,7
,-82.542358890000003,37.669416419999997,209,0,0.793648700000000,0.000000000000000,0.000000000000000,2009,7
,-82.576786889999994,37.756293130000003,210,0,0.839980900000000,0.000000000000000,0.000000000000000,2009,7
,-82.503634149999996,37.722448940000000,211,0,0.642341550000000,0.000000000000000,0.000000000000000,2009,7
,-82.511176610000007,37.746875770000003,212,0,0.782134950000000,0.000000000000000,0.000000000000000,2009,7
,-82.610738920000003,37.724418940000000,213,0,0.704615060000000,0.000000000000000,0.000000000000000,2009,7
,-82.500781939999996,37.792624930000002,214,0,0.798335100000000,0.000000000000000,0.000000000000000,2009,7
,-82.549549080000006,37.700843689999999,215,0,0.810924000000000,0.000000000000000,0.000000000000000,2009,7
,-82.542537569999993,37.765952689999999,216,0,0.746443600000000,0.000000000000000,0.000000000000000,2009,7
,-82.477174110000007,37.693741170000003,217,0,0.805393640000000,0.000000000000000,0.000000000000000,2009,7
,-82.613761920000002,37.709562220000002,218,0,0.704760550000000,0.000000000000000,0.000000000000000,2009,7
,-82.583398220000007,37.682417389999998,219,0,0.757266700000000,0.000000000000000,0.000000000000000,2009,7
,-82.544846539999995,37.813985199999998,220,0,0.822346300000000,0.000000000000000,0.000000000000000,2009,7
,-82.588974359999995,37.789991579999999,221,0,0.783394000000000,0.000000000000000,0.000000000000000,2009,7
,-82.622517029999997,37.785091889999997,222,0,0.784015600000000,0.000000000000000,0.000000000000000,2009,7
,-82.494851600000004,37.783525320000003,223,0,0.795572500000000,0.000000000000000,0.000000000000000,2009,7
,-82.613638640000005,37.783695770000001,224,0,0.781394700000000,0.000000000000000,0.000000000000000,2009,7
,-82.570094920000003,37.736323010000000,225,0,0.819504300000000,0.000000000000000,0.000000000000000,2009,7
,-82.503931309999999,37.768104829999999,226,0,0.796743500000000,0.000000000000000,0.000000000000000,2009,7
,-82.548963060000005,37.712792540000002,227,0,0.730509640000000,0.000000000000000,0.000000000000000,2009,7
,-82.539954969999997,37.706805430000003,228,0,0.813359440000000,0.000000000000000,0.000000000000000,2009,7
,-82.477441999999996,37.749812439999999,229,0,0.816413200000000,0.000000000000000,0.000000000000000,2009,7
,-82.493675629999998,37.795186680000000,230,0,0.572771130000000,0.000000000000000,0.000000000000000,2009,7
,-82.551561300000003,37.808663910000000,231,0,0.740301900000000,0.000000000000000,0.000000000000000,2009,7
,-82.553310539999998,37.725175499999999,232,0,0.829074500000000,0.000000000000000,0.000000000000000,2009,7
,-82.545310869999994,37.779090140000001,233,0,0.703306300000000,0.000000000000000,0.000000000000000,2009,7
,-82.561887549999994,37.742782470000002,234,0,0.758723500000000,0.000000000000000,0.000000000000000,2009,7
,-82.494022880000003,37.688782230000001,235,0,0.727917130000000,0.000000000000000,0.000000000000000,2009,7
,-82.512668590000004,37.755307320000000,236,0,0.741874040000000,0.000000000000000,0.000000000000000,2009,7
,-82.544060090000002,37.699397759999997,237,0,0.808798900000000,0.000000000000000,0.000000000000000,2009,7
,-82.612474939999998,37.790773479999999,238,0,0.696801000000000,0.000000000000000,0.000000000000000,2009,7
,-82.568986879999997,37.793132450000002,239,0,0.460181440000000,0.000000000000000,0.000000000000000,2009,7
,-82.558356090000004,37.789033709999998,240,0,0.759362340000000,0.000000000000000,0.000000000000000,2009,7
,-82.571322539999997,37.807308089999999,241,0,0.734586540000000,0.000000000000000,0.000000000000000,2009,7
,-82.592829379999998,37.687868080000001,242,0,0.790280640000000,0.000000000000000,0.000000000000000,2009,7
,-82.465814649999999,37.757661020000000,243,0,0.808460950000000,0.000000000000000,0.000000000000000,2009,7
,-82.522173760000001,37.722431159999999,244,0,0.766712200000000,0.000000000000000,0.000000000000000,2009,7
,-82.519453479999996,37.746348759999997,245,0,0.636873540000000,0.000000000000000,0.000000000000000,2009,7
,-82.482241970000004,37.745572359999997,246,0,0.703375200000000,0.000000000000000,0.000000000000000,2009,7
,-82.519416730000003,37.676948080000003,247,0,0.800340240000000,0.000000000000000,0.000000000000000,2009,7
,-82.508310300000005,37.709217619999997,248,0,0.743030250000000,0.000000000000000,0.000000000000000,2009,7
,-82.521225790000003,37.749705010000000,249,0,0.668018600000000,0.000000000000000,0.000000000000000,2009,7
,-82.489265430000003,37.742529599999997,250,0,0.789427900000000,0.000000000000000,0.000000000000000,2009,7
,-82.569479279999996,37.812380939999997,251,0,0.793641300000000,0.000000000000000,0.000000000000000,2009,7
,-82.640320829999993,37.782168290000001,252,0,0.759554900000000,0.000000000000000,0.000000000000000,2009,7
,-82.651704069999994,37.744477340000003,253,0,0.642145400000000,0.000000000000000,0.000000000000000,2009,7
,-82.656268650000001,37.755254979999997,254,0,0.707018700000000,0.000000000000000,0.000000000000000,2009,7
,-82.624669049999994,37.704761789999999,255,0,0.794896070000000,0.000000000000000,0.000000000000000,2009,7
,-82.500386809999995,37.731294130000002,256,0,0.812625050000000,0.000000000000000,0.000000000000000,2009,7
,-82.537219379999996,37.662212060000002,257,0,0.808987700000000,0.000000000000000,0.000000000000000,2009,7
,-82.638019290000003,37.771917279999997,258,0,0.725229900000000,0.000000000000000,0.000000000000000,2009,7
,-82.474402690000005,37.781996769999999,259,0,0.795247440000000,0.000000000000000,0.000000000000000,2009,7
,-82.480621369999994,37.732800370000000,260,0,0.722342970000000,0.000000000000000,0.000000000000000,2009,7
,-82.486342469999997,37.722329909999999,261,0,0.732889950000000,0.000000000000000,0.000000000000000,2009,7
,-82.634477980000000,37.727165999999997,262,0,0.787322400000000,0.000000000000000,0.000000000000000,2009,7
,-82.471683290000001,37.722607369999999,263,0,0.783474560000000,0.000000000000000,0.000000000000000,2009,7
,-82.630771999999993,37.762949910000003,264,0,0.802161460000000,0.000000000000000,0.000000000000000,2009,7
,-82.494780710000001,37.768119730000002,265,0,0.759236160000000,0.000000000000000,0.000000000000000,2009,7
,-82.536332029999997,37.673268700000001,266,0,0.820936600000000,0.000000000000000,0.000000000000000,2009,7
,-82.468649110000001,37.759999190000002,267,0,0.801121100000000,0.000000000000000,0.000000000000000,2009,7
,-82.596763899999999,37.812362190000002,268,0,0.823011300000000,0.000000000000000,0.000000000000000,2009,7
,-82.510191840000005,37.793706960000002,269,0,0.682969700000000,0.000000000000000,0.000000000000000,2009,7
,-82.582740220000005,37.701362050000000,270,0,0.652249500000000,0.000000000000000,0.000000000000000,2009,7
,-82.516218800000004,37.717283160000001,271,0,0.812884800000000,0.000000000000000,0.000000000000000,2009,7
,-82.584652329999997,37.778917659999998,272,0,0.819133800000000,0.000000000000000,0.000000000000000,2009,7
,-82.572341410000007,37.740245710000003,273,0,0.716503600000000,0.000000000000000,0.000000000000000,2009,7
,-82.641790139999998,37.757372699999998,274,0,0.755999000000000,0.000000000000000,0.000000000000000,2009,7
,-82.466952780000000,37.720898949999999,275,0,0.655069950000000,0.000000000000000,0.000000000000000,2009,7
,-82.502725249999997,37.675191699999999,276,0,0.834328950000000,0.000000000000000,0.000000000000000,2009,7
,-82.541107710000006,37.666562169999999,277,0,0.798557940000000,0.000000000000000,0.000000000000000,2009,7
,-82.573596559999999,37.752096320000000,278,0,0.733600440000000,0.000000000000000,0.000000000000000,2009,7
,-82.627980679999993,37.738581480000001,279,1,0.482899730000000,0.000000000000000,0.000000000000000,2009,7
,-82.601609049999993,37.727806330000000,280,0,0.802161460000000,0.000000000000000,0.000000000000000,2009,7
,-82.547470919999995,37.698514660000001,281,0,0.782783400000000,0.000000000000000,0.000000000000000,2009,7
,-82.491565580000000,37.695438090000003,282,0,0.824443400000000,0.000000000000000,0.000000000000000,2009,7
,-82.522358530000005,37.680218000000004,283,0,0.807048140000000,0.000000000000000,0.000000000000000,2009,7
,-82.509709439999995,37.759602469999997,284,0,0.757816000000000,0.000000000000000,0.000000000000000,2009,7
,-82.555999799999995,37.805446250000003,285,0,0.807164970000000,0.000000000000000,0.000000000000000,2009,7
,-82.537589010000005,37.762669029999998,286,0,0.795162860000000,0.000000000000000,0.000000000000000,2009,7
,-82.510220550000000,37.762178169999999,287,0,0.740431600000000,0.000000000000000,0.000000000000000,2009,7
,-82.516621209999997,37.799281479999998,288,0,0.689073300000000,0.000000000000000,0.000000000000000,2009,7
,-82.492165119999996,37.714990960000002,289,1,0.387848530000000,0.000000000000000,0.000000000000000,2009,7
,-82.545323280000005,37.733556710000002,290,0,0.613148500000000,0.000000000000000,0.000000000000000,2009,7
,-82.586473839999996,37.673171789999998,291,0,0.811433100000000,0.000000000000000,0.000000000000000,2009,7
,-82.648139380000003,37.710153820000002,292,1,0.761025550000000,0.000000000000000,0.000000000000000,2009,7
,-82.520977830000007,37.743115809999999,293,0,0.701967600000000,0.000000000000000,0.000000000000000,2009,7
,-82.597998349999997,37.747546100000001,294,0,0.709110740000000,0.000000000000000,0.000000000000000,2009,7
,-82.610146360000002,37.719672189999997,295,0,0.800831850000000,0.000000000000000,0.000000000000000,2009,7
,-82.615088670000006,37.723199760000000,296,0,0.686903950000000,0.000000000000000,0.000000000000000,2009,7
,-82.560301359999997,37.819838490000002,297,0,0.819315900000000,0.000000000000000,0.000000000000000,2009,7
,-82.582136719999994,37.678515550000000,298,0,0.726051800000000,0.000000000000000,0.000000000000000,2009,7
,-82.595488779999997,37.812220289999999,299,0,0.823011300000000,0.000000000000000,0.000000000000000,2009,7
,-82.516252559999998,37.766888280000003,300,0,0.746624500000000,0.000000000000000,0.000000000000000,2009,7
,-80.913318329999996,38.305341169999998,301,0,0.759012640000000,0.000000000000000,0.000000000000000,2009,7
,-80.946561079999995,38.407172899999999,302,0,0.825330100000000,0.000000000000000,0.000000000000000,2009,7
,-80.892967159999998,38.323229370000000,303,0,0.820359650000000,0.000000000000000,0.000000000000000,2009,7
,-80.948858169999994,38.407247599999998,304,0,0.821555600000000,0.000000000000000,0.000000000000000,2009,7
,-80.983489829999996,38.358071070000001,305,0,0.765808940000000,0.000000000000000,0.000000000000000,2009,7
,-80.915880410000000,38.302145340000003,306,0,0.713651500000000,0.000000000000000,0.000000000000000,2009,7
,-81.017284329999995,38.373633150000003,307,0,0.817549400000000,0.000000000000000,0.000000000000000,2009,7
,-81.014050179999998,38.367451260000003,308,0,0.657118140000000,0.000000000000000,0.000000000000000,2009,7
,-80.914715810000004,38.377643970000001,309,0,0.846703050000000,0.000000000000000,0.000000000000000,2009,7
,-80.952898399999995,38.380994819999998,310,0,0.826026740000000,0.000000000000000,0.000000000000000,2009,7
,-81.058615759999995,38.355579870000000,311,1,0.611038200000000,0.000000000000000,0.000000000000000,2009,7
,-80.897285760000003,38.389617090000002,312,0,0.852946200000000,0.000000000000000,0.000000000000000,2009,7
,-81.009273089999994,38.276635450000001,313,0,0.736986640000000,0.000000000000000,0.000000000000000,2009,7
,-81.047197929999996,38.331193810000002,314,1,0.347898870000000,0.000000000000000,0.000000000000000,2009,7
,-80.921781569999993,38.338892379999997,315,0,0.858465400000000,0.000000000000000,0.000000000000000,2009,7
,-80.978794620000002,38.338200479999998,316,0,0.761366600000000,0.000000000000000,0.000000000000000,2009,7
,-81.063449890000001,38.330806600000003,317,0,0.826260600000000,0.000000000000000,0.000000000000000,2009,7
,-81.039017180000002,38.385009130000000,318,0,0.758670330000000,0.000000000000000,0.000000000000000,2009,7
,-80.932212120000003,38.398970259999999,319,0,0.814721100000000,0.000000000000000,0.000000000000000,2009,7
,-80.935877719999993,38.399260759999997,320,0,0.824496870000000,0.000000000000000,0.000000000000000,2009,7
,-80.917386160000007,38.321237279999998,321,0,0.841363900000000,0.000000000000000,0.000000000000000,2009,7
,-80.906268979999993,38.281980969999999,322,0,0.728542270000000,0.000000000000000,0.000000000000000,2009,7
,-81.050646099999994,38.319819150000001,323,0,0.603926700000000,0.000000000000000,0.000000000000000,2009,7
,-81.015542310000001,38.350824889999998,324,0,0.708694900000000,0.000000000000000,0.000000000000000,2009,7
,-80.985118760000006,38.363097519999997,325,1,0.315180420000000,0.000000000000000,0.000000000000000,2009,7
,-80.971116710000004,38.301486670000003,326,0,0.472825650000000,0.000000000000000,0.000000000000000,2009,7
,-81.032701130000007,38.388574040000002,327,0,0.763818000000000,0.000000000000000,0.000000000000000,2009,7
,-81.054818049999994,38.361506769999998,328,1,0.264849160000000,0.000000000000000,0.000000000000000,2009,7
,-80.995415519999995,38.336786400000001,329,1,0.367579550000000,0.000000000000000,0.000000000000000,2009,7
,-80.984295840000001,38.266748909999997,330,0,0.810952200000000,0.000000000000000,0.000000000000000,2009,7
,-80.904609170000001,38.288475560000002,331,0,0.767766600000000,0.000000000000000,0.000000000000000,2009,7
,-80.939292649999999,38.374834520000000,332,0,0.744250240000000,0.000000000000000,0.000000000000000,2009,7
,-80.920328699999999,38.363774859999999,333,0,0.832256200000000,0.000000000000000,0.000000000000000,2009,7
,-80.951450429999994,38.370105850000002,334,0,0.833149430000000,0.000000000000000,0.000000000000000,2009,7
,-81.010238169999994,38.330232559999999,335,1,0.260007620000000,0.000000000000000,0.000000000000000,2009,7
,-81.062054610000004,38.302582790000002,336,0,0.817108900000000,0.000000000000000,0.000000000000000,2009,7
,-80.914546049999998,38.398347800000003,337,0,0.837769570000000,0.000000000000000,0.000000000000000,2009,7
,-80.985578469999993,38.294108979999997,338,0,0.825100200000000,0.000000000000000,0.000000000000000,2009,7
,-81.023512769999996,38.377753140000003,339,0,0.826660400000000,0.000000000000000,0.000000000000000,2009,7
,-80.906125540000005,38.301672830000001,340,0,0.787852500000000,0.000000000000000,0.000000000000000,2009,7
,-80.929962910000000,38.319982369999998,341,0,0.777429940000000,0.000000000000000,0.000000000000000,2009,7
,-81.010528760000000,38.307788979999998,342,0,0.642066840000000,0.000000000000000,0.000000000000000,2009,7
,-80.890080440000006,38.361547309999999,343,0,0.861659940000000,0.000000000000000,0.000000000000000,2009,7
,-81.046544749999995,38.355225939999997,344,0,0.601121370000000,0.000000000000000,0.000000000000000,2009,7
,-80.937273489999995,38.344301760000000,345,0,0.842501800000000,0.000000000000000,0.000000000000000,2009,7
,-81.000524350000006,38.396951860000001,346,1,0.538145540000000,0.000000000000000,0.000000000000000,2009,7
,-80.997517310000006,38.353741460000002,347,0,0.784707500000000,0.000000000000000,0.000000000000000,2009,7
,-81.044457609999995,38.355529400000002,348,0,0.824397800000000,0.000000000000000,0.000000000000000,2009,7
,-80.901408189999998,38.374135670000001,349,0,0.823726200000000,0.000000000000000,0.000000000000000,2009,7
,-81.059418760000000,38.314196070000001,350,0,0.790064750000000,0.000000000000000,0.000000000000000,2009,7
,-80.931650200000007,38.309896129999998,351,0,0.803792060000000,0.000000000000000,0.000000000000000,2009,7
,-80.985102749999996,38.407423049999998,352,0,0.830882970000000,0.000000000000000,0.000000000000000,2009,7
,-81.034078019999995,38.396694240000002,353,0,0.841109750000000,0.000000000000000,0.000000000000000,2009,7
,-80.990694800000000,38.354857420000002,354,0,0.694082560000000,0.000000000000000,0.000000000000000,2009,7
,-80.905847410000007,38.362973060000002,355,0,0.860548000000000,0.000000000000000,0.000000000000000,2009,7
,-81.016176740000006,38.300668119999997,356,0,0.785435400000000,0.000000000000000,0.000000000000000,2009,7
,-80.977186050000000,38.345934890000002,357,0,0.517920600000000,0.000000000000000,0.000000000000000,2009,7
,-81.054700670000003,38.358325059999999,358,1,0.388848300000000,0.000000000000000,0.000000000000000,2009,7
,-81.022046689999996,38.350287289999997,359,1,0.159962240000000,0.000000000000000,0.000000000000000,2009,7
,-81.061665619999999,38.349951109999999,360,1,0.512141640000000,0.000000000000000,0.000000000000000,2009,7
,-80.915409120000007,38.351560900000003,361,0,0.842612300000000,0.000000000000000,0.000000000000000,2009,7
,-80.953595050000004,38.343411480000000,362,0,0.846144300000000,0.000000000000000,0.000000000000000,2009,7
,-80.943305710000004,38.372012679999997,363,1,0.560172600000000,0.000000000000000,0.000000000000000,2009,7
,-81.012183710000002,38.405006170000000,364,0,0.838926300000000,0.000000000000000,0.000000000000000,2009,7
,-80.925836029999999,38.405377909999999,365,0,0.829498470000000,0.000000000000000,0.000000000000000,2009,7
,-80.979683489999999,38.273844539999999,366,0,0.802226540000000,0.000000000000000,0.000000000000000,2009,7
,-80.939623960000006,38.273316330000000,367,0,0.846411470000000,0.000000000000000,0.000000000000000,2009,7
,-80.984870419999993,38.323616420000000,368,0,0.791253450000000,0.000000000000000,0.000000000000000,2009,7
,-80.933551039999998,38.347772030000002,369,0,0.646454000000000,0.000000000000000,0.000000000000000,2009,7
,-80.968155620000005,38.292402410000001,370,0,0.800192240000000,0.000000000000000,0.000000000000000,2009,7
,-80.985736590000002,38.412028450000001,371,0,0.823740660000000,0.000000000000000,0.000000000000000,2009,7
,-80.890681959999995,38.306163830000003,372,0,0.827770000000000,0.000000000000000,0.000000000000000,2009,7
,-80.903847740000003,38.296776899999998,373,0,0.828469300000000,0.000000000000000,0.000000000000000,2009,7
,-80.969763529999994,38.308013240000001,374,0,0.839988470000000,0.000000000000000,0.000000000000000,2009,7
,-81.058617560000002,38.313555360000002,375,0,0.808167160000000,0.000000000000000,0.000000000000000,2009,7
,-81.057254970000002,38.332994560000003,376,1,0.392699870000000,0.000000000000000,0.000000000000000,2009,7
,-80.909857000000002,38.292689469999999,377,0,0.811699200000000,0.000000000000000,0.000000000000000,2009,7
,-81.012741120000001,38.331354990000001,378,0,0.474776900000000,0.000000000000000,0.000000000000000,2009,7
,-80.880408230000000,38.331088829999999,379,0,0.808987700000000,0.000000000000000,0.000000000000000,2009,7
,-81.010131000000001,38.359616099999997,380,0,0.824397860000000,0.000000000000000,0.000000000000000,2009,7
,-80.958180260000006,38.287984950000002,381,0,0.762883960000000,0.000000000000000,0.000000000000000,2009,7
,-81.037631890000000,38.393416539999997,382,0,0.803784200000000,0.000000000000000,0.000000000000000,2009,7
,-80.944962090000004,38.404753200000002,383,0,0.838620540000000,0.000000000000000,0.000000000000000,2009,7
,-81.021369010000001,38.331436560000000,384,1,0.460181420000000,0.000000000000000,0.000000000000000,2009,7
,-80.984168830000002,38.353883639999999,385,0,0.811215940000000,0.000000000000000,0.000000000000000,2009,7
,-80.987319350000007,38.359876860000000,386,1,0.299538140000000,0.000000000000000,0.000000000000000,2009,7
,-80.929608650000006,38.377479240000000,387,0,0.814677360000000,0.000000000000000,0.000000000000000,2009,7
,-80.999295300000000,38.383237800000003,388,0,0.648657100000000,0.000000000000000,0.000000000000000,2009,7
,-80.953738849999993,38.374654010000000,389,0,0.813359440000000,0.000000000000000,0.000000000000000,2009,7
,-81.028067070000006,38.371560420000002,390,0,0.739205800000000,0.000000000000000,0.000000000000000,2009,7
,-80.965918509999995,38.289532710000003,391,0,0.808623850000000,0.000000000000000,0.000000000000000,2009,7
,-80.963647969999997,38.276440669999999,392,0,0.823717000000000,0.000000000000000,0.000000000000000,2009,7
,-81.004212859999996,38.275443150000001,393,0,0.654088500000000,0.000000000000000,0.000000000000000,2009,7
,-80.931925579999998,38.405685169999998,394,0,0.835639400000000,0.000000000000000,0.000000000000000,2009,7
,-80.990299859999993,38.416315849999997,395,0,0.839973450000000,0.000000000000000,0.000000000000000,2009,7
,-81.042082949999994,38.315611990000001,396,1,0.223236260000000,0.000000000000000,0.000000000000000,2009,7
,-80.913605390000001,38.359749520000001,397,0,0.829498470000000,0.000000000000000,0.000000000000000,2009,7
,-80.979532520000006,38.391763040000001,398,0,0.829507900000000,0.000000000000000,0.000000000000000,2009,7
,-81.054659400000006,38.320236330000000,399,0,0.813975200000000,0.000000000000000,0.000000000000000,2009,7
,-80.928212200000004,38.330976659999997,400,0,0.852351500000000,0.000000000000000,0.000000000000000,2009,7
,-80.986913410000000,38.319395829999998,401,0,0.783303260000000,0.000000000000000,0.000000000000000,2009,7
,-80.931199179999993,38.355475530000000,402,0,0.815229300000000,0.000000000000000,0.000000000000000,2009,7
,-81.013358159999996,38.266042059999997,403,0,0.633548440000000,0.000000000000000,0.000000000000000,2009,7
,-80.974677000000000,38.320895880000002,404,0,0.719314930000000,0.000000000000000,0.000000000000000,2009,7
,-81.066962410000002,38.346501390000000,405,0,0.574470640000000,0.000000000000000,0.000000000000000,2009,7
,-80.937601079999993,38.385804499999999,406,0,0.834143160000000,0.000000000000000,0.000000000000000,2009,7
,-80.949090659999996,38.346869859999998,407,0,0.810405300000000,0.000000000000000,0.000000000000000,2009,7
,-80.977445290000006,38.359348740000001,408,1,0.654933150000000,0.000000000000000,0.000000000000000,2009,7
,-80.946625420000004,38.318715699999998,409,0,0.771817560000000,0.000000000000000,0.000000000000000,2009,7
,-80.999313799999996,38.361406170000002,410,1,0.331775200000000,0.000000000000000,0.000000000000000,2009,7
,-80.966414979999996,38.413456900000000,411,0,0.827530150000000,0.000000000000000,0.000000000000000,2009,7
,-81.044589549999998,38.356943219999998,412,0,0.626031000000000,0.000000000000000,0.000000000000000,2009,7
,-80.924212370000006,38.335945700000003,413,0,0.862210870000000,0.000000000000000,0.000000000000000,2009,7
,-81.030711569999994,38.387902680000003,414,0,0.825703860000000,0.000000000000000,0.000000000000000,2009,7
,-80.961863870000002,38.358298710000000,415,0,0.850746750000000,0.000000000000000,0.000000000000000,2009,7
,-80.981118910000006,38.349013339999999,416,0,0.854434200000000,0.000000000000000,0.000000000000000,2009,7
,-80.982057330000004,38.393734080000002,417,0,0.796743500000000,0.000000000000000,0.000000000000000,2009,7
,-80.964765340000000,38.365114730000002,418,0,0.828091140000000,0.000000000000000,0.000000000000000,2009,7
,-80.927936540000005,38.393606530000000,419,0,0.842307000000000,0.000000000000000,0.000000000000000,2009,7
,-80.979070919999998,38.293246240000002,420,0,0.832537400000000,0.000000000000000,0.000000000000000,2009,7
,-81.051493120000004,38.351052650000000,421,1,0.403338640000000,0.000000000000000,0.000000000000000,2009,7
,-81.004622200000000,38.346826860000000,422,1,0.347655270000000,0.000000000000000,0.000000000000000,2009,7
,-80.944718739999999,38.357550420000003,423,0,0.613155250000000,0.000000000000000,0.000000000000000,2009,7
,-81.017736799999994,38.284467450000001,424,0,0.824496870000000,0.000000000000000,0.000000000000000,2009,7
,-81.055111159999996,38.347991210000004,425,1,0.658715840000000,0.000000000000000,0.000000000000000,2009,7
,-80.885921300000007,38.351717819999998,426,0,0.829947300000000,0.000000000000000,0.000000000000000,2009,7
,-80.933385240000007,38.379270499999997,427,0,0.835116600000000,0.000000000000000,0.000000000000000,2009,7
,-81.030724849999999,38.313808750000000,428,0,0.847836730000000,0.000000000000000,0.000000000000000,2009,7
,-81.028612319999993,38.323808600000000,429,0,0.368593570000000,0.000000000000000,0.000000000000000,2009,7
,-81.050818930000005,38.315439130000001,430,0,0.824560500000000,0.000000000000000,0.000000000000000,2009,7
,-81.015220900000003,38.287361130000001,431,0,0.842220660000000,0.000000000000000,0.000000000000000,2009,7
,-80.952551299999996,38.367108360000003,432,0,0.746573200000000,0.000000000000000,0.000000000000000,2009,7
,-80.924370220000000,38.364314120000003,433,0,0.805564100000000,0.000000000000000,0.000000000000000,2009,7
,-80.909288799999999,38.372753789999997,434,0,0.855699960000000,0.000000000000000,0.000000000000000,2009,7
,-81.035416080000005,38.300619339999997,435,1,0.477718400000000,0.000000000000000,0.000000000000000,2009,7
,-81.014862679999993,38.290044620000003,436,0,0.740976750000000,0.000000000000000,0.000000000000000,2009,7
,-81.008456559999999,38.325558209999997,437,1,0.408185180000000,0.000000000000000,0.000000000000000,2009,7
,-80.906707949999998,38.392688249999999,438,0,0.839978640000000,0.000000000000000,0.000000000000000,2009,7
,-80.909718630000000,38.338333179999999,439,0,0.854510600000000,0.000000000000000,0.000000000000000,2009,7
,-81.000637510000004,38.264194670000002,440,0,0.689142000000000,0.000000000000000,0.000000000000000,2009,7
,-80.940813930000004,38.288811359999997,441,0,0.757324160000000,0.000000000000000,0.000000000000000,2009,7
,-80.932676880000002,38.305513900000001,442,0,0.815485400000000,0.000000000000000,0.000000000000000,2009,7
,-80.894611519999998,38.330100150000000,443,0,0.831067440000000,0.000000000000000,0.000000000000000,2009,7
,-81.024825320000005,38.355397740000001,444,1,0.394852300000000,0.000000000000000,0.000000000000000,2009,7
,-80.975895719999997,38.371554179999997,445,0,0.711990100000000,0.000000000000000,0.000000000000000,2009,7
,-81.035010970000002,38.363403830000003,446,0,0.615827800000000,0.000000000000000,0.000000000000000,2009,7
,-80.933116850000005,38.327174790000001,447,0,0.864892300000000,0.000000000000000,0.000000000000000,2009,7
,-80.944475800000006,38.331678050000001,448,0,0.788455250000000,0.000000000000000,0.000000000000000,2009,7
,-81.051010629999993,38.314738429999998,449,0,0.839973450000000,0.000000000000000,0.000000000000000,2009,7
,-81.035512530000005,38.371079340000001,450,0,0.817108900000000,0.000000000000000,0.000000000000000,2009,7
,-81.030806749999996,38.391642030000000,451,0,0.774213250000000,0.000000000000000,0.000000000000000,2009,7
,-80.908854410000004,38.378347880000000,452,0,0.841249050000000,0.000000000000000,0.000000000000000,2009,7
,-80.983249610000001,38.312596329999998,453,0,0.769786800000000,0.000000000000000,0.000000000000000,2009,7
,-80.955421939999994,38.276749469999999,454,0,0.751401070000000,0.000000000000000,0.000000000000000,2009,7
,-81.016922629999996,38.312556460000003,455,0,0.754787600000000,0.000000000000000,0.000000000000000,2009,7
,-81.060854399999997,38.313584419999998,456,0,0.837928100000000,0.000000000000000,0.000000000000000,2009,7
,-81.051663149999996,38.319600850000000,457,0,0.718177740000000,0.000000000000000,0.000000000000000,2009,7
,-81.002738089999994,38.351338370000001,458,1,0.449460330000000,0.000000000000000,0.000000000000000,2009,7
,-80.914768190000004,38.356379480000001,459,0,0.851396300000000,0.000000000000000,0.000000000000000,2009,7
,-80.943622700000006,38.286234890000003,460,0,0.761366600000000,0.000000000000000,0.000000000000000,2009,7
,-80.913306860000006,38.296401600000003,461,0,0.727917130000000,0.000000000000000,0.000000000000000,2009,7
,-81.008521860000002,38.275270929999998,462,0,0.839973450000000,0.000000000000000,0.000000000000000,2009,7
,-81.073181930000004,38.322396720000000,463,0,0.832245200000000,0.000000000000000,0.000000000000000,2009,7
,-80.884001729999994,38.363958410000002,464,0,0.847637400000000,0.000000000000000,0.000000000000000,2009,7
,-80.948649509999996,38.386990470000001,465,0,0.818571270000000,0.000000000000000,0.000000000000000,2009,7
,-81.037336280000005,38.288725139999997,466,1,0.231957910000000,0.000000000000000,0.000000000000000,2009,7
,-80.968149850000003,38.279322929999999,467,0,0.837244500000000,0.000000000000000,0.000000000000000,2009,7
,-81.001263760000001,38.327248140000002,468,1,0.226629600000000,0.000000000000000,0.000000000000000,2009,7
,-80.983928419999998,38.342960130000002,469,0,0.832245200000000,0.000000000000000,0.000000000000000,2009,7
,-80.919820549999997,38.298828000000000,470,0,0.829996940000000,0.000000000000000,0.000000000000000,2009,7
,-80.931261309999996,38.287879099999998,471,0,0.846703050000000,0.000000000000000,0.000000000000000,2009,7
,-81.048379100000005,38.286165279999999,472,0,0.834673700000000,0.000000000000000,0.000000000000000,2009,7
,-81.008160919999995,38.397996939999999,473,0,0.831269800000000,0.000000000000000,0.000000000000000,2009,7
,-80.997596369999997,38.412272960000003,474,0,0.835311700000000,0.000000000000000,0.000000000000000,2009,7
,-80.882764440000003,38.334007540000002,475,0,0.851694460000000,0.000000000000000,0.000000000000000,2009,7
,-80.941533359999994,38.395303609999999,476,0,0.822939900000000,0.000000000000000,0.000000000000000,2009,7
,-81.006520150000000,38.361036169999998,477,0,0.694476700000000,0.000000000000000,0.000000000000000,2009,7
,-81.023506470000001,38.371753460000001,478,0,0.672924200000000,0.000000000000000,0.000000000000000,2009,7
,-80.984748800000006,38.327963750000002,479,1,0.432663300000000,0.000000000000000,0.000000000000000,2009,7
,-81.019601260000002,38.271553120000000,480,0,0.814295770000000,0.000000000000000,0.000000000000000,2009,7
,-80.885425920000003,38.350580090000001,481,0,0.833853960000000,0.000000000000000,0.000000000000000,2009,7
,-80.972114000000005,38.386057080000000,482,0,0.837368130000000,0.000000000000000,0.000000000000000,2009,7
,-81.008940370000005,38.388639759999997,483,0,0.834673700000000,0.000000000000000,0.000000000000000,2009,7
,-80.918055670000001,38.368576640000001,484,0,0.839976130000000,0.000000000000000,0.000000000000000,2009,7
,-81.043465310000002,38.297845389999999,485,0,0.698910360000000,0.000000000000000,0.000000000000000,2009,7
,-80.884457299999994,38.336266590000001,486,0,0.831067440000000,0.000000000000000,0.000000000000000,2009,7
,-80.971635969999994,38.392503009999999,487,0,0.841249050000000,0.000000000000000,0.000000000000000,2009,7
,-80.953693389999998,38.390201310000002,488,0,0.826026740000000,0.000000000000000,0.000000000000000,2009,7
,-80.885981450000003,38.363168160000001,489,0,0.824496870000000,0.000000000000000,0.000000000000000,2009,7
,-80.988036750000006,38.330508029999997,490,1,0.469244180000000,0.000000000000000,0.000000000000000,2009,7
,-81.015661789999996,38.298205660000001,491,0,0.808623800000000,0.000000000000000,0.000000000000000,2009,7
,-80.919084040000001,38.373879770000002,492,0,0.834143160000000,0.000000000000000,0.000000000000000,2009,7
,-81.034626410000001,38.349961120000003,493,1,0.472815720000000,0.000000000000000,0.000000000000000,2009,7
,-81.002252769999998,38.330259419999997,494,1,0.408185180000000,0.000000000000000,0.000000000000000,2009,7
,-80.919172059999994,38.277299589999998,495,0,0.844949000000000,0.000000000000000,0.000000000000000,2009,7
,-80.980202939999998,38.263255379999997,496,0,0.803805800000000,0.000000000000000,0.000000000000000,2009,7
,-81.031092810000004,38.381507630000002,497,0,0.811985000000000,0.000000000000000,0.000000000000000,2009,7
,-80.970596360000002,38.373323169999999,498,0,0.843444900000000,0.000000000000000,0.000000000000000,2009,7
,-80.971445380000006,38.334441269999999,499,1,0.536390660000000,0.000000000000000,0.000000000000000,2009,7
,-81.018827310000006,38.383287899999999,500,0,0.603424500000000,0.000000000000000,0.000000000000000,2009,7
,-80.975507910000005,38.315437189999997,501,0,0.741874040000000,0.000000000000000,0.000000000000000,2009,7
,-80.989343669999997,38.292814679999999,502,0,0.787322460000000,0.000000000000000,0.000000000000000,2009,7
,-80.929826669999997,38.341531590000002,503,0,0.803827760000000,0.000000000000000,0.000000000000000,2009,7
,-80.947178489999999,38.343088590000001,504,0,0.822939900000000,0.000000000000000,0.000000000000000,2009,7
,-80.934360170000005,38.407373280000002,505,0,0.837108900000000,0.000000000000000,0.000000000000000,2009,7
,-80.919467620000006,38.311350070000003,506,0,0.783065560000000,0.000000000000000,0.000000000000000,2009,7
,-80.946929109999999,38.282595409999999,507,0,0.813376070000000,0.000000000000000,0.000000000000000,2009,7
,-80.999679720000003,38.339792029999998,508,0,0.794865300000000,0.000000000000000,0.000000000000000,2009,7
,-80.935152450000004,38.367369760000003,509,1,0.615426840000000,0.000000000000000,0.000000000000000,2009,7
,-81.057165389999994,38.304944630000001,510,0,0.821146550000000,0.000000000000000,0.000000000000000,2009,7
,-81.003411999999997,38.344799399999999,511,1,0.208936040000000,0.000000000000000,0.000000000000000,2009,7
,-80.969883519999996,38.379951720000001,512,0,0.827493800000000,0.000000000000000,0.000000000000000,2009,7
,-81.058314469999999,38.347799569999999,513,0,0.603926700000000,0.000000000000000,0.000000000000000,2009,7
,-80.961819530000000,38.359990670000002,514,0,0.734586540000000,0.000000000000000,0.000000000000000,2009,7
,-80.915859499999996,38.364715349999997,515,0,0.828091140000000,0.000000000000000,0.000000000000000,2009,7
,-81.048735429999994,38.316222820000000,516,0,0.844949000000000,0.000000000000000,0.000000000000000,2009,7
,-81.038007449999995,38.358853930000002,517,1,0.422768120000000,0.000000000000000,0.000000000000000,2009,7
,-80.992714440000000,38.369960759999998,518,1,0.281400020000000,0.000000000000000,0.000000000000000,2009,7
,-80.887489860000002,38.348577759999998,519,0,0.783092560000000,0.000000000000000,0.000000000000000,2009,7
,-80.944341010000002,38.314309960000003,520,0,0.668661400000000,0.000000000000000,0.000000000000000,2009,7
,-80.885988179999998,38.310234579999999,521,0,0.670711800000000,0.000000000000000,0.000000000000000,2009,7
,-80.967611410000004,38.285248580000001,522,0,0.810924000000000,0.000000000000000,0.000000000000000,2009,7
,-80.929139210000002,38.398206649999999,523,0,0.827530150000000,0.000000000000000,0.000000000000000,2009,7
,-80.892169960000004,38.338737549999998,524,0,0.832229700000000,0.000000000000000,0.000000000000000,2009,7
,-81.044521970000005,38.327834590000002,525,1,0.580491100000000,0.000000000000000,0.000000000000000,2009,7
,-80.938073470000006,38.279773120000002,526,0,0.664636850000000,0.000000000000000,0.000000000000000,2009,7
,-80.968242680000003,38.265454640000002,527,0,0.842612300000000,0.000000000000000,0.000000000000000,2009,7
,-81.030594980000004,38.401993890000000,528,0,0.845402240000000,0.000000000000000,0.000000000000000,2009,7
,-80.971175220000006,38.291845530000003,529,0,0.757266700000000,0.000000000000000,0.000000000000000,2009,7
,-80.927795810000006,38.326472250000002,530,0,0.817562760000000,0.000000000000000,0.000000000000000,2009,7
,-80.939481700000002,38.390816149999999,531,0,0.832245200000000,0.000000000000000,0.000000000000000,2009,7
,-80.969369420000007,38.302449359999997,532,0,0.742441650000000,0.000000000000000,0.000000000000000,2009,7
,-81.063648509999993,38.359309900000000,533,0,0.355569780000000,0.000000000000000,0.000000000000000,2009,7
,-80.955812519999995,38.401391269999998,534,0,0.839978640000000,0.000000000000000,0.000000000000000,2009,7
,-80.958529499999997,38.284257070000002,535,0,0.767608700000000,0.000000000000000,0.000000000000000,2009,7
,-80.922800499999994,38.363918069999997,536,0,0.827239160000000,0.000000000000000,0.000000000000000,2009,7
,-80.958266899999998,38.385030870000001,537,0,0.829007860000000,0.000000000000000,0.000000000000000,2009,7
,-80.921202489999999,38.292694330000003,538,0,0.777773100000000,0.000000000000000,0.000000000000000,2009,7
,-81.003023299999995,38.299807080000001,539,1,0.376497420000000,0.000000000000000,0.000000000000000,2009,7
,-81.034481360000001,38.346822099999997,540,1,0.529000200000000,0.000000000000000,0.000000000000000,2009,7
,-80.993604860000005,38.380811809999997,541,0,0.809191760000000,0.000000000000000,0.000000000000000,2009,7
,-80.932807530000005,38.355454309999999,542,0,0.805502950000000,0.000000000000000,0.000000000000000,2009,7
,-80.942158890000002,38.366959129999998,543,1,0.292108630000000,0.000000000000000,0.000000000000000,2009,7
,-81.001006020000005,38.288563410000002,544,0,0.725386100000000,0.000000000000000,0.000000000000000,2009,7
,-80.980424510000006,38.389851219999997,545,0,0.835491960000000,0.000000000000000,0.000000000000000,2009,7
,-80.916171539999993,38.338039700000003,546,0,0.839978640000000,0.000000000000000,0.000000000000000,2009,7
,-80.919136179999995,38.373332880000000,547,0,0.843899400000000,0.000000000000000,0.000000000000000,2009,7
,-80.918008360000002,38.327412420000002,548,0,0.794205600000000,0.000000000000000,0.000000000000000,2009,7
,-81.060190169999998,38.309195219999999,549,0,0.775368000000000,0.000000000000000,0.000000000000000,2009,7
,-80.930569700000007,38.390690950000000,550,0,0.828603900000000,0.000000000000000,0.000000000000000,2009,7
,-80.971186250000002,38.261675250000003,551,0,0.844079140000000,0.000000000000000,0.000000000000000,2009,7
,-80.944465059999999,38.370566349999997,552,0,0.500795800000000,0.000000000000000,0.000000000000000,2009,7
,-81.037656069999997,38.368652519999998,553,0,0.815722200000000,0.000000000000000,0.000000000000000,2009,7
,-80.996853130000005,38.292378090000000,554,1,0.525205700000000,0.000000000000000,0.000000000000000,2009,7
,-80.895692190000005,38.324734769999999,555,0,0.835491960000000,0.000000000000000,0.000000000000000,2009,7
,-80.983637119999997,38.321664679999998,556,0,0.827770000000000,0.000000000000000,0.000000000000000,2009,7
,-81.005758860000000,38.375356009999997,557,1,0.409030470000000,0.000000000000000,0.000000000000000,2009,7
,-80.951756660000001,38.402980139999997,558,0,0.816131350000000,0.000000000000000,0.000000000000000,2009,7
,-80.933492849999993,38.339024379999998,559,0,0.728499230000000,0.000000000000000,0.000000000000000,2009,7
,-80.887171749999993,38.348161910000002,560,0,0.775523660000000,0.000000000000000,0.000000000000000,2009,7
,-80.981338870000002,38.387543469999997,561,0,0.749005200000000,0.000000000000000,0.000000000000000,2009,7
,-81.014385430000004,38.272185170000000,562,0,0.816131350000000,0.000000000000000,0.000000000000000,2009,7
,-80.901065140000000,38.311666559999999,563,0,0.758698400000000,0.000000000000000,0.000000000000000,2009,7
,-80.998153619999997,38.370725800000002,564,0,0.803799300000000,0.000000000000000,0.000000000000000,2009,7
,-80.933358819999995,38.362288059999997,565,0,0.567436460000000,0.000000000000000,0.000000000000000,2009,7
,-81.036085600000007,38.293775709999998,566,1,0.709152600000000,0.000000000000000,0.000000000000000,2009,7
,-80.897895899999995,38.299407700000003,567,0,0.796417100000000,0.000000000000000,0.000000000000000,2009,7
,-81.033788650000005,38.303059560000001,568,1,0.547446300000000,0.000000000000000,0.000000000000000,2009,7
,-80.961333379999999,38.302122050000001,569,0,0.827217300000000,0.000000000000000,0.000000000000000,2009,7
,-80.989448740000000,38.283682460000001,570,0,0.838840200000000,0.000000000000000,0.000000000000000,2009,7
,-80.939004659999995,38.354607059999999,571,0,0.815686300000000,0.000000000000000,0.000000000000000,2009,7
,-80.954818810000006,38.404681019999998,572,0,0.841198740000000,0.000000000000000,0.000000000000000,2009,7
,-80.990246249999998,38.317479779999999,573,0,0.805298860000000,0.000000000000000,0.000000000000000,2009,7
,-80.986104720000000,38.307733990000003,574,0,0.642266150000000,0.000000000000000,0.000000000000000,2009,7
,-80.921201609999997,38.343862059999999,575,0,0.837244500000000,0.000000000000000,0.000000000000000,2009,7
,-81.067566600000006,38.331352580000001,576,0,0.779860560000000,0.000000000000000,0.000000000000000,2009,7
,-81.061981299999999,38.340215610000001,577,1,0.549906130000000,0.000000000000000,0.000000000000000,2009,7
,-80.985451449999999,38.414503979999999,578,0,0.826913900000000,0.000000000000000,0.000000000000000,2009,7
,-80.948020080000006,38.369118890000003,579,1,0.533031700000000,0.000000000000000,0.000000000000000,2009,7
,-80.999481489999994,38.303633779999998,580,1,0.607860600000000,0.000000000000000,0.000000000000000,2009,7
,-80.921407369999997,38.287766300000001,581,0,0.834673700000000,0.000000000000000,0.000000000000000,2009,7
,-80.965725210000002,38.317845939999998,582,0,0.825330100000000,0.000000000000000,0.000000000000000,2009,7
,-80.943841559999996,38.374717779999997,583,0,0.695406560000000,0.000000000000000,0.000000000000000,2009,7
,-80.960953369999999,38.342471519999997,584,1,0.400450200000000,0.000000000000000,0.000000000000000,2009,7
,-80.908161680000006,38.376828390000000,585,0,0.832245200000000,0.000000000000000,0.000000000000000,2009,7
,-80.948090269999994,38.393493739999997,586,0,0.833149430000000,0.000000000000000,0.000000000000000,2009,7
,-80.914085349999993,38.298806450000001,587,0,0.746480900000000,0.000000000000000,0.000000000000000,2009,7
,-81.058881709999994,38.304476579999999,588,0,0.823072100000000,0.000000000000000,0.000000000000000,2009,7
,-80.981127760000007,38.373086559999997,589,0,0.676418200000000,0.000000000000000,0.000000000000000,2009,7
,-81.005789250000007,38.345810929999999,590,1,0.291266920000000,0.000000000000000,0.000000000000000,2009,7
,-80.929761600000006,38.344866340000003,591,0,0.746601100000000,0.000000000000000,0.000000000000000,2009,7
,-80.915360539999995,38.302905389999999,592,0,0.696382900000000,0.000000000000000,0.000000000000000,2009,7
,-80.899725790000005,38.303707709999998,593,0,0.822221600000000,0.000000000000000,0.000000000000000,2009,7
,-81.015113110000001,38.364476709999998,594,0,0.611030800000000,0.000000000000000,0.000000000000000,2009,7
,-81.021158000000000,38.283474280000000,595,0,0.822854700000000,0.000000000000000,0.000000000000000,2009,7
,-80.889241269999999,38.316808950000002,596,0,0.851854600000000,0.000000000000000,0.000000000000000,2009,7
,-80.879935040000007,38.342355929999997,597,0,0.798093100000000,0.000000000000000,0.000000000000000,2009,7
,-80.991643499999995,38.304166029999998,598,1,0.419972400000000,0.000000000000000,0.000000000000000,2009,7
,-80.970073769999999,38.376027980000003,599,0,0.805502950000000,0.000000000000000,0.000000000000000,2009,7
,-80.875693609999999,38.348153529999998,600,0,0.833853960000000,0.000000000000000,0.000000000000000,2009,7
,-82.764076200000005,36.984956670000003,755,0,0.746617140000000,0.000000000000000,0.000000000000000,2009,7
,-82.703947520000000,36.962570929999998,845,0,0.748654500000000,0.000000000000000,0.000000000000000,2009,7
,-82.831480249999998,36.994734880000003,808,1,0.453589020000000,0.000000000000000,0.000000000000000,2009,7
,-82.803762989999996,37.014700470000001,668,1,0.426991850000000,0.000000000000000,0.000000000000000,2009,7
,-82.844838999999993,36.949917599999999,850,1,0.298117520000000,0.000000000000000,0.000000000000000,2009,7
,-82.786474620000007,36.960265749999998,877,1,0.233498420000000,0.000000000000000,0.000000000000000,2009,7
,-82.723720700000001,36.939601719999999,677,0,0.818972000000000,0.000000000000000,0.000000000000000,2009,7
,-82.719812189999999,36.998108899999998,754,0,0.657118200000000,0.000000000000000,0.000000000000000,2009,7
,-82.810751650000000,36.962749959999996,793,0,0.846513400000000,0.000000000000000,0.000000000000000,2009,7
,-82.684254170000003,36.962754070000003,846,0,0.827769940000000,0.000000000000000,0.000000000000000,2009,7
,-82.820614090000007,37.029421999999997,718,0,0.827530150000000,0.000000000000000,0.000000000000000,2009,7
,-82.707909860000001,36.981459960000002,611,0,0.819504300000000,0.000000000000000,0.000000000000000,2009,7
,-82.842394220000003,36.993931340000003,854,0,0.853489040000000,0.000000000000000,0.000000000000000,2009,7
,-82.716695869999995,36.961063920000001,650,1,0.205405860000000,0.000000000000000,0.000000000000000,2009,7
,-82.830216770000007,37.035424759999998,892,1,0.178469630000000,0.000000000000000,0.000000000000000,2009,7
,-82.815510739999993,36.973728700000002,825,0,0.852991760000000,0.000000000000000,0.000000000000000,2009,7
,-82.836110289999993,37.009874150000002,670,0,0.822221500000000,0.000000000000000,0.000000000000000,2009,7
,-82.753123669999994,36.984398610000000,767,0,0.852531600000000,0.000000000000000,0.000000000000000,2009,7
,-82.778724980000007,37.003941879999999,658,0,0.830739260000000,0.000000000000000,0.000000000000000,2009,7
,-82.790949839999996,37.009431280000001,840,0,0.734867500000000,0.000000000000000,0.000000000000000,2009,7
,-82.742359710000002,37.067043009999999,818,0,0.743973730000000,0.000000000000000,0.000000000000000,2009,7
,-82.743531230000002,36.928186230000001,662,0,0.777669850000000,0.000000000000000,0.000000000000000,2009,7
,-82.840947889999995,37.020350110000003,617,0,0.827769940000000,0.000000000000000,0.000000000000000,2009,7
,-82.848367830000001,36.998261090000000,689,0,0.787807640000000,0.000000000000000,0.000000000000000,2009,7
,-82.720733850000002,37.023815290000002,634,0,0.818474900000000,0.000000000000000,0.000000000000000,2009,7
,-82.700817270000002,36.959268700000003,622,0,0.805564100000000,0.000000000000000,0.000000000000000,2009,7
,-82.779013129999996,37.074527639999999,776,0,0.821555600000000,0.000000000000000,0.000000000000000,2009,7
,-82.774527320000004,36.942796100000002,630,1,0.178912760000000,0.000000000000000,0.000000000000000,2009,7
,-82.700869539999999,36.979652420000001,900,0,0.798139450000000,0.000000000000000,0.000000000000000,2009,7
,-82.772474220000007,36.942023700000000,735,1,0.163521740000000,0.000000000000000,0.000000000000000,2009,7
,-82.729394999999997,36.993947300000002,796,0,0.679504630000000,0.000000000000000,0.000000000000000,2009,7
,-82.811048240000005,37.009980779999999,629,1,0.475508700000000,0.000000000000000,0.000000000000000,2009,7
,-82.837041940000006,36.959548859999998,807,0,0.851163740000000,0.000000000000000,0.000000000000000,2009,7
,-82.718889820000001,37.053070110000000,640,1,0.132032080000000,0.000000000000000,0.000000000000000,2009,7
,-82.750071960000000,36.956649509999998,710,0,0.829507900000000,0.000000000000000,0.000000000000000,2009,7
,-82.757004719999998,36.994198400000002,683,0,0.649343900000000,0.000000000000000,0.000000000000000,2009,7
,-82.676108139999997,36.997263850000003,626,0,0.756236430000000,0.000000000000000,0.000000000000000,2009,7
,-82.757646899999997,37.031175079999997,861,0,0.771038600000000,0.000000000000000,0.000000000000000,2009,7
,-82.693237359999998,36.994893640000001,773,0,0.733116570000000,0.000000000000000,0.000000000000000,2009,7
,-82.697075720000001,36.975457409999997,809,0,0.818571270000000,0.000000000000000,0.000000000000000,2009,7
,-82.768759599999996,36.972165290000000,624,0,0.802287040000000,0.000000000000000,0.000000000000000,2009,7
,-82.851688010000004,37.013635540000003,853,0,0.831625200000000,0.000000000000000,0.000000000000000,2009,7
,-82.788846719999995,36.934218299999998,700,0,0.813538600000000,0.000000000000000,0.000000000000000,2009,7
,-82.760553819999998,37.053878370000000,820,0,0.820075800000000,0.000000000000000,0.000000000000000,2009,7
,-82.725100130000001,36.930323739999999,770,0,0.763818000000000,0.000000000000000,0.000000000000000,2009,7
,-82.691983420000000,36.947745810000001,797,0,0.830460400000000,0.000000000000000,0.000000000000000,2009,7
,-82.731067120000006,37.036054569999997,834,1,0.425950600000000,0.000000000000000,0.000000000000000,2009,7
,-82.734900949999997,37.052010770000003,895,0,0.786737600000000,0.000000000000000,0.000000000000000,2009,7
,-82.705571710000001,37.033965279999997,676,1,0.268311860000000,0.000000000000000,0.000000000000000,2009,7
,-82.827080319999993,37.011153030000003,788,0,0.862952100000000,0.000000000000000,0.000000000000000,2009,7
,-82.755358939999994,37.044656379999999,685,0,0.826445340000000,0.000000000000000,0.000000000000000,2009,7
,-82.682379049999994,37.024741120000002,806,0,0.849941500000000,0.000000000000000,0.000000000000000,2009,7
,-82.778890270000005,36.980686300000002,756,0,0.614104570000000,0.000000000000000,0.000000000000000,2009,7
,-82.698860600000003,36.979057789999999,674,0,0.756586100000000,0.000000000000000,0.000000000000000,2009,7
,-82.800004169999994,36.971664820000001,672,0,0.838739630000000,0.000000000000000,0.000000000000000,2009,7
,-82.767851149999998,37.021730800000000,800,0,0.791689750000000,0.000000000000000,0.000000000000000,2009,7
,-82.836310049999994,37.031381809999999,848,1,0.191635430000000,0.000000000000000,0.000000000000000,2009,7
,-82.777442600000001,36.990117789999999,601,0,0.810654640000000,0.000000000000000,0.000000000000000,2009,7
,-82.726128849999995,37.066507590000001,857,0,0.656768000000000,0.000000000000000,0.000000000000000,2009,7
,-82.819118529999997,36.934337399999997,889,0,0.723919100000000,0.000000000000000,0.000000000000000,2009,7
,-82.796258780000002,37.007514559999997,690,1,0.334784200000000,0.000000000000000,0.000000000000000,2009,7
,-82.702959660000005,36.994314109999998,866,1,0.252860000000000,0.000000000000000,0.000000000000000,2009,7
,-82.758635589999997,37.043710500000003,832,0,0.828091140000000,0.000000000000000,0.000000000000000,2009,7
,-82.724050219999995,37.032666190000000,716,0,0.795703050000000,0.000000000000000,0.000000000000000,2009,7
,-82.735753849999995,37.070806760000004,873,0,0.817041340000000,0.000000000000000,0.000000000000000,2009,7
,-82.687087289999994,37.002983720000003,836,0,0.778740500000000,0.000000000000000,0.000000000000000,2009,7
,-82.670477529999999,37.018836989999997,717,0,0.763104600000000,0.000000000000000,0.000000000000000,2009,7
,-82.721028329999996,36.999254360000002,803,0,0.734586540000000,0.000000000000000,0.000000000000000,2009,7
,-82.830191290000002,37.018310579999998,697,0,0.847836730000000,0.000000000000000,0.000000000000000,2009,7
,-82.823203590000006,37.028346919999997,764,0,0.728689300000000,0.000000000000000,0.000000000000000,2009,7
,-82.699109260000000,37.031248290000001,837,1,0.180501070000000,0.000000000000000,0.000000000000000,2009,7
,-82.800468100000003,37.047005669999997,706,0,0.723468800000000,0.000000000000000,0.000000000000000,2009,7
,-82.771964550000007,37.069639580000000,620,0,0.772476550000000,0.000000000000000,0.000000000000000,2009,7
,-82.714897219999997,37.064634060000003,871,1,0.525205700000000,0.000000000000000,0.000000000000000,2009,7
,-82.703189949999995,37.025951079999999,824,0,0.630559150000000,0.000000000000000,0.000000000000000,2009,7
,-82.808400379999995,36.991359160000002,675,0,0.774229700000000,0.000000000000000,0.000000000000000,2009,7
,-82.855098560000002,37.021354520000003,830,0,0.718437500000000,0.000000000000000,0.000000000000000,2009,7
,-82.826141190000001,37.011977150000000,698,0,0.844750000000000,0.000000000000000,0.000000000000000,2009,7
,-82.838933710000006,37.000664520000001,733,0,0.820359650000000,0.000000000000000,0.000000000000000,2009,7
,-82.747511799999998,37.066119469999997,637,0,0.731472600000000,0.000000000000000,0.000000000000000,2009,7
,-82.718194310000001,36.967851539999998,688,1,0.214982630000000,0.000000000000000,0.000000000000000,2009,7
,-82.681612799999996,36.986699450000003,608,0,0.829007860000000,0.000000000000000,0.000000000000000,2009,7
,-82.711759430000001,36.972665480000003,890,1,0.129519660000000,0.000000000000000,0.000000000000000,2009,7
,-82.807458350000005,37.024610940000002,761,0,0.802226540000000,0.000000000000000,0.000000000000000,2009,7
,-82.811776850000001,36.934781520000001,777,0,0.736515940000000,0.000000000000000,0.000000000000000,2009,7
,-82.815050049999996,37.040804000000001,891,1,0.135518370000000,0.000000000000000,0.000000000000000,2009,7
,-82.733246589999993,36.937783600000003,765,1,0.504516300000000,0.000000000000000,0.000000000000000,2009,7
,-82.753677620000005,37.015643259999997,741,0,0.726151470000000,0.000000000000000,0.000000000000000,2009,7
,-82.766455149999999,36.927395070000003,645,0,0.673589900000000,0.000000000000000,0.000000000000000,2009,7
,-82.787738469999994,37.071801170000001,859,0,0.780000700000000,0.000000000000000,0.000000000000000,2009,7
,-82.704068219999996,36.996303730000001,609,1,0.176140060000000,0.000000000000000,0.000000000000000,2009,7
,-82.825979250000003,36.965097870000001,882,0,0.855367100000000,0.000000000000000,0.000000000000000,2009,7
,-82.741543840000006,37.048301180000003,679,0,0.845898700000000,0.000000000000000,0.000000000000000,2009,7
,-82.691516329999999,37.011683099999999,785,0,0.592025600000000,0.000000000000000,0.000000000000000,2009,7
,-82.722546579999999,37.017835750000003,738,1,0.262387600000000,0.000000000000000,0.000000000000000,2009,7
,-82.821391669999997,37.000608190000001,799,0,0.796155100000000,0.000000000000000,0.000000000000000,2009,7
,-82.708225179999999,37.016978080000001,782,0,0.758681950000000,0.000000000000000,0.000000000000000,2009,7
,-82.733532389999993,36.998900599999999,661,0,0.581343050000000,0.000000000000000,0.000000000000000,2009,7
,-82.690668250000002,37.035052970000002,726,0,0.758368850000000,0.000000000000000,0.000000000000000,2009,7
,-82.700619130000007,37.042029399999997,893,1,0.143120590000000,0.000000000000000,0.000000000000000,2009,7
,-82.726799240000005,37.048259960000003,817,0,0.830460400000000,0.000000000000000,0.000000000000000,2009,7
,-82.825552279999997,37.007768190000000,714,0,0.849622130000000,0.000000000000000,0.000000000000000,2009,7
,-82.703046470000004,36.978111570000003,774,0,0.740431600000000,0.000000000000000,0.000000000000000,2009,7
,-82.689682419999997,36.959041589999998,691,0,0.593265530000000,0.000000000000000,0.000000000000000,2009,7
,-82.789089660000002,36.998763500000003,696,0,0.803817630000000,0.000000000000000,0.000000000000000,2009,7
,-82.824582070000005,36.985404469999999,885,0,0.826913900000000,0.000000000000000,0.000000000000000,2009,7
,-82.712356520000000,37.008905990000002,711,1,0.143685490000000,0.000000000000000,0.000000000000000,2009,7
,-82.774663009999998,37.012534240000001,725,0,0.843196900000000,0.000000000000000,0.000000000000000,2009,7
,-82.770964870000000,37.064264039999998,849,0,0.798335100000000,0.000000000000000,0.000000000000000,2009,7
,-82.696147999999994,36.974363199999999,687,0,0.782134950000000,0.000000000000000,0.000000000000000,2009,7
,-82.697260839999998,37.050299289999998,651,1,0.175031780000000,0.000000000000000,0.000000000000000,2009,7
,-82.813776880000006,37.019356119999998,667,0,0.845086300000000,0.000000000000000,0.000000000000000,2009,7
,-82.806049009999995,36.999451139999998,631,0,0.788795350000000,0.000000000000000,0.000000000000000,2009,7
,-82.852042299999994,37.036966550000002,870,0,0.759100500000000,0.000000000000000,0.000000000000000,2009,7
,-82.727269539999995,36.987316430000000,680,0,0.831718600000000,0.000000000000000,0.000000000000000,2009,7
,-82.742854609999995,37.031069830000000,786,0,0.781964300000000,0.000000000000000,0.000000000000000,2009,7
,-82.742272279999995,37.055950590000002,627,0,0.768934600000000,0.000000000000000,0.000000000000000,2009,7
,-82.701134069999995,37.010640459999998,852,1,0.354017020000000,0.000000000000000,0.000000000000000,2009,7
,-82.680131390000000,36.961954599999999,775,0,0.800340240000000,0.000000000000000,0.000000000000000,2009,7
,-82.757535770000004,36.923169049999998,874,0,0.723316600000000,0.000000000000000,0.000000000000000,2009,7
,-82.681185459999995,37.015004759999997,653,0,0.783474560000000,0.000000000000000,0.000000000000000,2009,7
,-82.761170660000005,37.044054559999999,701,0,0.844949000000000,0.000000000000000,0.000000000000000,2009,7
,-82.721190519999993,36.978113700000002,787,0,0.815937000000000,0.000000000000000,0.000000000000000,2009,7
,-82.806880509999999,36.933705879999998,704,0,0.794100940000000,0.000000000000000,0.000000000000000,2009,7
,-82.754155659999995,37.041698840000002,881,0,0.841997100000000,0.000000000000000,0.000000000000000,2009,7
,-82.726177649999997,36.946656539999999,883,1,0.612648840000000,0.000000000000000,0.000000000000000,2009,7
,-82.840463290000002,36.975187140000003,856,0,0.863316800000000,0.000000000000000,0.000000000000000,2009,7
,-82.691316680000000,37.045398360000000,886,1,0.256252830000000,0.000000000000000,0.000000000000000,2009,7
,-82.688772900000004,36.957000039999997,801,0,0.770360050000000,0.000000000000000,0.000000000000000,2009,7
,-82.847315429999995,37.009997200000001,646,0,0.614102800000000,0.000000000000000,0.000000000000000,2009,7
,-82.843948190000006,36.959760449999997,789,0,0.838926300000000,0.000000000000000,0.000000000000000,2009,7
,-82.673313410000006,37.006045819999997,872,0,0.819504300000000,0.000000000000000,0.000000000000000,2009,7
,-82.759987749999993,36.994263549999999,652,0,0.662189360000000,0.000000000000000,0.000000000000000,2009,7
,-82.833494700000003,36.991255989999999,723,0,0.746512350000000,0.000000000000000,0.000000000000000,2009,7
,-82.736160889999994,37.016756170000001,712,0,0.664098860000000,0.000000000000000,0.000000000000000,2009,7
,-82.864196440000001,37.004298210000002,864,0,0.827493800000000,0.000000000000000,0.000000000000000,2009,7
,-82.671374409999999,36.986984640000003,729,0,0.656682550000000,0.000000000000000,0.000000000000000,2009,7
,-82.763700150000005,36.955958060000000,695,0,0.687472300000000,0.000000000000000,0.000000000000000,2009,7
,-82.731293309999998,36.959815380000002,868,0,0.656434800000000,0.000000000000000,0.000000000000000,2009,7
,-82.795710999999997,36.998238200000003,657,0,0.850031500000000,0.000000000000000,0.000000000000000,2009,7
,-82.701165279999998,36.939066369999999,897,0,0.807164970000000,0.000000000000000,0.000000000000000,2009,7
,-82.845392329999996,36.990088229999998,795,0,0.767812800000000,0.000000000000000,0.000000000000000,2009,7
,-82.668879820000001,37.011917730000000,878,0,0.825100200000000,0.000000000000000,0.000000000000000,2009,7
,-82.794363079999997,36.979706499999999,666,0,0.836203100000000,0.000000000000000,0.000000000000000,2009,7
,-82.795083759999997,36.967281579999998,822,0,0.843316200000000,0.000000000000000,0.000000000000000,2009,7
,-82.727177499999996,36.947552360000003,678,1,0.575748740000000,0.000000000000000,0.000000000000000,2009,7
,-82.740820520000000,36.959228209999999,648,0,0.845672000000000,0.000000000000000,0.000000000000000,2009,7
,-82.817787980000006,36.937772719999998,855,0,0.832256140000000,0.000000000000000,0.000000000000000,2009,7
,-82.674982060000005,36.968509650000001,831,1,0.594439900000000,0.000000000000000,0.000000000000000,2009,7
,-82.850074590000006,37.015387050000001,896,0,0.848480460000000,0.000000000000000,0.000000000000000,2009,7
,-82.858954040000000,36.987922460000000,644,0,0.837481260000000,0.000000000000000,0.000000000000000,2009,7
,-82.803724450000004,37.002036539999999,876,0,0.814644900000000,0.000000000000000,0.000000000000000,2009,7
,-82.679432950000006,36.954889580000000,842,0,0.660644400000000,0.000000000000000,0.000000000000000,2009,7
,-82.806279059999994,37.033874619999999,899,0,0.861703600000000,0.000000000000000,0.000000000000000,2009,7
,-82.671490719999994,37.007564459999998,815,0,0.818571270000000,0.000000000000000,0.000000000000000,2009,7
,-82.690388089999999,36.976993360000002,663,0,0.738657900000000,0.000000000000000,0.000000000000000,2009,7
,-82.674687419999998,37.013622589999997,860,0,0.739205800000000,0.000000000000000,0.000000000000000,2009,7
,-82.688279339999994,36.979543260000000,791,0,0.819741400000000,0.000000000000000,0.000000000000000,2009,7
,-82.824205610000007,37.041574079999997,863,1,0.473275330000000,0.000000000000000,0.000000000000000,2009,7
,-82.826536110000006,36.967955349999997,628,0,0.824443400000000,0.000000000000000,0.000000000000000,2009,7
,-82.692009530000007,36.998555740000000,740,0,0.813975160000000,0.000000000000000,0.000000000000000,2009,7
,-82.820700599999995,36.952548950000001,766,0,0.606153500000000,0.000000000000000,0.000000000000000,2009,7
,-82.818718820000001,37.053242859999997,752,0,0.774390040000000,0.000000000000000,0.000000000000000,2009,7
,-82.682730800000002,36.961623119999999,844,0,0.823072100000000,0.000000000000000,0.000000000000000,2009,7
,-82.738565629999997,37.020139520000001,654,1,0.513835000000000,0.000000000000000,0.000000000000000,2009,7
,-82.772670090000005,36.974296379999998,887,0,0.621008200000000,0.000000000000000,0.000000000000000,2009,7
,-82.808024770000003,36.960279569999997,780,0,0.812565800000000,0.000000000000000,0.000000000000000,2009,7
,-82.779138209999999,36.998655370000002,623,0,0.780000700000000,0.000000000000000,0.000000000000000,2009,7
,-82.762102459999994,37.002755590000000,746,0,0.725559100000000,0.000000000000000,0.000000000000000,2009,7
,-82.826690549999995,36.944248119999997,779,0,0.841997100000000,0.000000000000000,0.000000000000000,2009,7
,-82.785901820000007,36.950257090000001,838,0,0.700663700000000,0.000000000000000,0.000000000000000,2009,7
,-82.701405350000002,37.021036989999999,879,1,0.195384220000000,0.000000000000000,0.000000000000000,2009,7
,-82.803716010000002,37.043531829999999,649,1,0.383971150000000,0.000000000000000,0.000000000000000,2009,7
,-82.782230190000007,37.014425209999999,633,0,0.838620540000000,0.000000000000000,0.000000000000000,2009,7
,-82.720939880000003,37.036254669999998,833,0,0.735586000000000,0.000000000000000,0.000000000000000,2009,7
,-82.830401390000006,37.025865369999998,819,1,0.401139320000000,0.000000000000000,0.000000000000000,2009,7
,-82.709742660000003,37.017027769999999,784,1,0.599065360000000,0.000000000000000,0.000000000000000,2009,7
,-82.792879999999997,37.038397340000003,847,0,0.842400430000000,0.000000000000000,0.000000000000000,2009,7
,-82.697322729999996,36.971077350000002,841,0,0.719314930000000,0.000000000000000,0.000000000000000,2009,7
,-82.856772680000006,36.996663099999999,751,0,0.817573370000000,0.000000000000000,0.000000000000000,2009,7
,-82.753188370000004,37.010594470000001,724,1,0.249237450000000,0.000000000000000,0.000000000000000,2009,7
,-82.793842249999997,37.019971570000003,639,0,0.803827760000000,0.000000000000000,0.000000000000000,2009,7
,-82.836070849999999,36.952794380000000,867,0,0.768934600000000,0.000000000000000,0.000000000000000,2009,7
,-82.737826350000006,37.000254980000001,869,0,0.759362340000000,0.000000000000000,0.000000000000000,2009,7
,-82.779404909999997,37.033650750000000,851,0,0.812259900000000,0.000000000000000,0.000000000000000,2009,7
,-82.791105239999993,37.001607890000002,613,0,0.841198740000000,0.000000000000000,0.000000000000000,2009,7
,-82.678435879999995,37.003688150000002,736,0,0.815722200000000,0.000000000000000,0.000000000000000,2009,7
,-82.721212899999998,37.025748249999999,727,0,0.670206700000000,0.000000000000000,0.000000000000000,2009,7
,-82.856038549999994,36.976304790000000,778,0,0.830359460000000,0.000000000000000,0.000000000000000,2009,7
,-82.708573720000004,37.034219380000003,673,1,0.138701070000000,0.000000000000000,0.000000000000000,2009,7
,-82.711012030000006,36.980784210000003,734,1,0.468128860000000,0.000000000000000,0.000000000000000,2009,7
,-82.816657129999996,36.946792039999998,603,0,0.642327850000000,0.000000000000000,0.000000000000000,2009,7
,-82.742090090000005,37.061994329999997,660,0,0.829947300000000,0.000000000000000,0.000000000000000,2009,7
,-82.750725000000003,37.064582659999999,606,0,0.823011300000000,0.000000000000000,0.000000000000000,2009,7
,-82.817428960000001,37.044280980000003,768,0,0.770475400000000,0.000000000000000,0.000000000000000,2009,7
,-82.796540379999996,36.960377170000001,728,1,0.459370970000000,0.000000000000000,0.000000000000000,2009,7
,-82.840214180000004,37.007371610000000,771,0,0.814783330000000,0.000000000000000,0.000000000000000,2009,7
,-82.734664980000005,37.012140129999999,720,0,0.685491440000000,0.000000000000000,0.000000000000000,2009,7
,-82.687919530000002,36.989816200000000,813,0,0.834100960000000,0.000000000000000,0.000000000000000,2009,7
,-82.756110500000005,36.968301400000001,682,0,0.794896070000000,0.000000000000000,0.000000000000000,2009,7
,-82.749443470000003,37.058767359999997,750,0,0.798335100000000,0.000000000000000,0.000000000000000,2009,7
,-82.744335140000004,36.919344400000000,743,0,0.796443050000000,0.000000000000000,0.000000000000000,2009,7
,-82.773390919999997,36.934713619999997,792,0,0.742441700000000,0.000000000000000,0.000000000000000,2009,7
,-82.795665929999998,36.998688280000003,643,0,0.833585560000000,0.000000000000000,0.000000000000000,2009,7
,-82.761705010000000,37.047811760000002,636,0,0.780707100000000,0.000000000000000,0.000000000000000,2009,7
,-82.710708199999999,36.992182249999999,638,1,0.217814600000000,0.000000000000000,0.000000000000000,2009,7
,-82.808888280000005,37.057978970000001,730,0,0.771585300000000,0.000000000000000,0.000000000000000,2009,7
,-82.784325699999997,37.072864209999999,715,0,0.812625050000000,0.000000000000000,0.000000000000000,2009,7
,-82.714572799999999,36.992279330000002,607,0,0.499536540000000,0.000000000000000,0.000000000000000,2009,7
,-82.818268059999994,36.984933200000000,722,0,0.788380500000000,0.000000000000000,0.000000000000000,2009,7
,-82.799927659999994,37.053102400000000,763,0,0.726677600000000,0.000000000000000,0.000000000000000,2009,7
,-82.670996979999998,36.979514340000001,664,0,0.824443400000000,0.000000000000000,0.000000000000000,2009,7
,-82.846855590000004,36.983944520000001,783,0,0.806493940000000,0.000000000000000,0.000000000000000,2009,7
,-82.784918370000000,37.033432390000002,858,0,0.816425300000000,0.000000000000000,0.000000000000000,2009,7
,-82.688492539999999,36.979584570000000,659,0,0.787157830000000,0.000000000000000,0.000000000000000,2009,7
,-82.765145829999994,37.060466419999997,705,0,0.809393800000000,0.000000000000000,0.000000000000000,2009,7
,-82.806938520000003,37.005048760000001,693,1,0.496656200000000,0.000000000000000,0.000000000000000,2009,7
,-82.774601270000005,36.931290840000003,610,0,0.818571270000000,0.000000000000000,0.000000000000000,2009,7
,-82.741389960000006,37.024736500000003,753,1,0.414108000000000,0.000000000000000,0.000000000000000,2009,7
,-82.724427629999994,37.040210799999997,794,0,0.813975160000000,0.000000000000000,0.000000000000000,2009,7
,-82.772701450000000,36.917803409999998,739,0,0.757037800000000,0.000000000000000,0.000000000000000,2009,7
,-82.741793540000003,37.064683170000002,745,0,0.753602150000000,0.000000000000000,0.000000000000000,2009,7
,-82.769997590000003,36.987393830000002,748,0,0.827959600000000,0.000000000000000,0.000000000000000,2009,7
,-82.802702109999998,37.013515560000002,880,1,0.484333250000000,0.000000000000000,0.000000000000000,2009,7
,-82.800622550000000,37.001289120000003,618,0,0.810336770000000,0.000000000000000,0.000000000000000,2009,7
,-82.670980020000002,37.001598240000000,811,0,0.754492500000000,0.000000000000000,0.000000000000000,2009,7
,-82.724220529999997,37.046306100000002,721,0,0.839973450000000,0.000000000000000,0.000000000000000,2009,7
,-82.783769780000000,36.977544410000000,862,0,0.802161460000000,0.000000000000000,0.000000000000000,2009,7
,-82.747345550000006,37.033133190000001,898,0,0.831625200000000,0.000000000000000,0.000000000000000,2009,7
,-82.801845639999996,37.022462959999999,839,0,0.822073800000000,0.000000000000000,0.000000000000000,2009,7
,-82.821449610000002,36.937224890000003,616,0,0.837928100000000,0.000000000000000,0.000000000000000,2009,7
,-82.786115670000001,37.016567000000002,732,0,0.790580300000000,0.000000000000000,0.000000000000000,2009,7
,-82.693458960000001,36.988516099999998,804,0,0.832571860000000,0.000000000000000,0.000000000000000,2009,7
,-82.849324539999998,36.971575160000000,619,1,0.189927040000000,0.000000000000000,0.000000000000000,2009,7
,-82.837827340000004,37.029530160000000,826,1,0.180943650000000,0.000000000000000,0.000000000000000,2009,7
,-82.804485380000003,36.952862039999999,757,0,0.723620600000000,0.000000000000000,0.000000000000000,2009,7
,-82.710351040000006,36.939860410000001,827,0,0.805702200000000,0.000000000000000,0.000000000000000,2009,7
,-82.715711220000003,36.951732170000000,671,0,0.761973260000000,0.000000000000000,0.000000000000000,2009,7
,-82.770425299999999,36.949186750000003,744,1,0.492959980000000,0.000000000000000,0.000000000000000,2009,7
,-82.667217989999997,36.997613620000003,709,0,0.802015540000000,0.000000000000000,0.000000000000000,2009,7
,-82.792085560000004,36.930084049999998,759,0,0.731472600000000,0.000000000000000,0.000000000000000,2009,7
,-82.755516020000002,36.973245280000000,625,0,0.842501800000000,0.000000000000000,0.000000000000000,2009,7
,-82.787045780000000,36.917889479999999,812,0,0.795572500000000,0.000000000000000,0.000000000000000,2009,7
,-82.711618040000005,37.022220959999999,875,0,0.826445340000000,0.000000000000000,0.000000000000000,2009,7
,-82.786384979999994,36.998132429999998,719,0,0.808798900000000,0.000000000000000,0.000000000000000,2009,7
,-82.736699920000007,37.069645580000000,681,0,0.803822900000000,0.000000000000000,0.000000000000000,2009,7
,-82.705405200000001,37.016314590000000,760,1,0.497515350000000,0.000000000000000,0.000000000000000,2009,7
,-82.807155769999994,36.933732050000003,669,0,0.808987700000000,0.000000000000000,0.000000000000000,2009,7
,-82.856560990000006,37.001534030000002,816,1,0.399683360000000,0.000000000000000,0.000000000000000,2009,7
,-82.790318290000002,36.944392620000002,602,0,0.778067300000000,0.000000000000000,0.000000000000000,2009,7
,-82.676770880000007,36.998869350000000,699,0,0.803817630000000,0.000000000000000,0.000000000000000,2009,7
,-82.774247959999997,36.995474750000000,684,0,0.829498470000000,0.000000000000000,0.000000000000000,2009,7
,-82.790723540000002,36.950178850000000,708,0,0.821555600000000,0.000000000000000,0.000000000000000,2009,7
,-82.742533969999997,37.044022849999998,790,0,0.848843930000000,0.000000000000000,0.000000000000000,2009,7
,-82.665491560000007,36.996330370000003,614,0,0.834673700000000,0.000000000000000,0.000000000000000,2009,7
,-82.812185990000003,36.954251960000001,835,0,0.815066700000000,0.000000000000000,0.000000000000000,2009,7
,-82.725279599999993,36.982956729999998,884,0,0.669334500000000,0.000000000000000,0.000000000000000,2009,7
,-82.858435450000002,37.026448950000002,694,0,0.732215400000000,0.000000000000000,0.000000000000000,2009,7
,-82.825312449999998,37.009924880000000,894,0,0.847030500000000,0.000000000000000,0.000000000000000,2009,7
,-82.710642730000004,37.043158310000003,769,1,0.115808330000000,0.000000000000000,0.000000000000000,2009,7
,-82.798304079999994,37.058408569999997,829,0,0.795572500000000,0.000000000000000,0.000000000000000,2009,7
,-82.824974400000002,36.931109309999997,814,0,0.837999340000000,0.000000000000000,0.000000000000000,2009,7
,-82.751897630000002,36.936117840000001,604,0,0.674952900000000,0.000000000000000,0.000000000000000,2009,7
,-82.781242010000000,37.005708329999997,612,0,0.838926300000000,0.000000000000000,0.000000000000000,2009,7
,-82.769587590000000,37.073784879999998,702,0,0.798093100000000,0.000000000000000,0.000000000000000,2009,7
,-82.687392840000001,36.986369609999997,641,0,0.765160300000000,0.000000000000000,0.000000000000000,2009,7
,-82.795225239999994,36.946006199999999,828,0,0.782538240000000,0.000000000000000,0.000000000000000,2009,7
,-82.755250939999996,36.958384959999997,821,0,0.798763800000000,0.000000000000000,0.000000000000000,2009,7
,-82.781307790000000,36.926580739999999,802,0,0.647358240000000,0.000000000000000,0.000000000000000,2009,7
,-82.752445080000001,37.059130230000001,888,0,0.803822900000000,0.000000000000000,0.000000000000000,2009,7
,-82.831586299999998,37.041881689999997,737,0,0.666768300000000,0.000000000000000,0.000000000000000,2009,7
,-82.834285609999995,36.991616590000000,686,0,0.807427470000000,0.000000000000000,0.000000000000000,2009,7
,-82.848162540000004,36.962831090000002,632,0,0.696034000000000,0.000000000000000,0.000000000000000,2009,7
,-82.680941509999997,37.026264890000000,621,0,0.836504940000000,0.000000000000000,0.000000000000000,2009,7
,-82.804542569999995,37.047168329999998,843,0,0.648119000000000,0.000000000000000,0.000000000000000,2009,7
,-82.700378169999993,37.042152940000001,747,1,0.147388280000000,0.000000000000000,0.000000000000000,2009,7
,-82.793550960000005,36.940573710000002,731,0,0.823011300000000,0.000000000000000,0.000000000000000,2009,7
,-82.714134400000006,37.034880749999999,798,1,0.253022000000000,0.000000000000000,0.000000000000000,2009,7
,-82.740776380000000,36.948858960000003,605,0,0.691921530000000,0.000000000000000,0.000000000000000,2009,7
,-82.737289469999993,36.986641460000001,692,0,0.860363250000000,0.000000000000000,0.000000000000000,2009,7
,-82.800101200000000,37.019838190000002,665,0,0.652249500000000,0.000000000000000,0.000000000000000,2009,7
,-82.743447799999998,36.936998910000000,805,0,0.794205600000000,0.000000000000000,0.000000000000000,2009,7
,-82.806203909999994,37.068141199999999,615,0,0.626719950000000,0.000000000000000,0.000000000000000,2009,7
,-82.829973199999998,36.993983960000001,865,1,0.364777620000000,0.000000000000000,0.000000000000000,2009,7
,-82.814918329999998,36.973403349999998,758,0,0.870761160000000,0.000000000000000,0.000000000000000,2009,7
,-82.758705100000000,36.969019799999998,823,0,0.778812800000000,0.000000000000000,0.000000000000000,2009,7
,-82.708785759999998,36.937614179999997,742,0,0.802396240000000,0.000000000000000,0.000000000000000,2009,7
,-82.705486660000005,37.014221310000003,772,1,0.302280550000000,0.000000000000000,0.000000000000000,2009,7
,-82.730106379999995,37.054605830000000,642,0,0.816955270000000,0.000000000000000,0.000000000000000,2009,7
,-82.687051440000005,37.021447469999998,656,0,0.759362400000000,0.000000000000000,0.000000000000000,2009,7
,-82.733147669999994,37.043795140000000,749,0,0.760964000000000,0.000000000000000,0.000000000000000,2009,7
,-82.738903219999997,36.932801490000003,781,0,0.692289650000000,0.000000000000000,0.000000000000000,2009,7
,-82.790334290000004,37.001958150000000,713,0,0.839983000000000,0.000000000000000,0.000000000000000,2009,7
,-82.788597170000003,37.070051669999998,762,0,0.740686500000000,0.000000000000000,0.000000000000000,2009,7
,-82.780369280000002,37.004309190000001,655,0,0.826990600000000,0.000000000000000,0.000000000000000,2009,7
,-82.790561109999999,37.072383350000003,810,0,0.816236900000000,0.000000000000000,0.000000000000000,2009,7
,-82.830687600000005,37.017196300000002,635,0,0.844566400000000,0.000000000000000,0.000000000000000,2009,7
,-82.842356319999993,37.026500190000000,707,0,0.653517900000000,0.000000000000000,0.000000000000000,2009,7
,-82.796460519999997,36.918437709999999,703,0,0.646085600000000,0.000000000000000,0.000000000000000,2009,7
,-82.734694770000004,37.068021360000003,647,0,0.787832600000000,0.000000000000000,0.000000000000000,2009,7